MAC,SLOC Name,Time received,Time recorded,Event,Value
04C3E680FACF,Stapler 349-1,17.05.2024 04:59:40,17.05.2024 04:59:30,Battery Level,  73.72  
04C3E680FACF,Stapler 349-1,17.05.2024 04:59:40,17.05.2024 04:59:30,Battery Used Charge,  1839.679   
04C3E680FACF,Stapler 349-1,17.05.2024 04:59:40,17.05.2024 04:59:30,Battery Voltage,  3.662  
04C3E680FACF,Stapler 349-1,16.05.2024 23:00:24,16.05.2024 22:59:55,Battery Level,  73.75  
04C3E680FACF,Stapler 349-1,16.05.2024 23:00:24,16.05.2024 22:59:55,Battery Used Charge,  1837.822    
04C3E680FACF,Stapler 349-1,16.05.2024 23:00:24,16.05.2024 22:59:55,Battery Voltage,  3.658  
04C3E680FACF,Stapler 349-1,16.05.2024 17:00:21,16.05.2024 17:00:04,Battery Level,  73.78  
04C3E680FACF,Stapler 349-1,16.05.2024 17:00:21,16.05.2024 17:00:04,Battery Used Charge,  1835.169    
04C3E680FACF,Stapler 349-1,16.05.2024 17:00:21,16.05.2024 17:00:04,Battery Voltage,  3.644  
04C3E680FACF,Stapler 349-1,16.05.2024 05:00:19,16.05.2024 05:00:09,Battery Level,  74.39  
04C3E680FACF,Stapler 349-1,16.05.2024 05:00:19,16.05.2024 05:00:09,Battery Used Charge,  1792.412    
04C3E680FACF,Stapler 349-1,16.05.2024 05:00:19,16.05.2024 05:00:09,Battery Voltage,  3.664  
04C3E680FACF,Stapler 349-1,15.05.2024 22:59:47,15.05.2024 22:59:37,Battery Level,  74.41  
04C3E680FACF,Stapler 349-1,15.05.2024 22:59:47,15.05.2024 22:59:37,Battery Used Charge,  1791.514    
04C3E680FACF,Stapler 349-1,15.05.2024 22:59:47,15.05.2024 22:59:37,Battery Voltage,  3.658  
04C3E680FACF,Stapler 349-1,15.05.2024 17:00:22,15.05.2024 17:00:04,Battery Level,  74.46  
04C3E680FACF,Stapler 349-1,15.05.2024 17:00:22,15.05.2024 17:00:04,Battery Used Charge,  1788.095    
04C3E680FACF,Stapler 349-1,15.05.2024 17:00:22,15.05.2024 17:00:04,Battery Voltage,  3.650  
04C3E680FACF,Stapler 349-1,15.05.2024 05:00:19,15.05.2024 05:00:09,Battery Level,  75.08  
04C3E680FACF,Stapler 349-1,15.05.2024 05:00:19,15.05.2024 05:00:09,Battery Used Charge,  1744.524    
04C3E680FACF,Stapler 349-1,15.05.2024 05:00:19,15.05.2024 05:00:09,Battery Voltage,  3.664  
04C3E680FACF,Stapler 349-1,14.05.2024 22:59:47,14.05.2024 22:59:37,Battery Level,  75.08  
04C3E680FACF,Stapler 349-1,14.05.2024 22:59:47,14.05.2024 22:59:37,Battery Used Charge,  1743.685    
04C3E680FACF,Stapler 349-1,14.05.2024 22:59:47,14.05.2024 22:59:37,Battery Voltage,  3.654  
04C3E680FACF,Stapler 349-1,14.05.2024 17:00:17,14.05.2024 17:00:04,Battery Level,  75.12  
04C3E680FACF,Stapler 349-1,14.05.2024 17:00:17,14.05.2024 17:00:04,Battery Used Charge,  1740.936    
04C3E680FACF,Stapler 349-1,14.05.2024 17:00:17,14.05.2024 17:00:04,Battery Voltage,  3.648  
04C3E680FACF,Stapler 349-1,14.05.2024 05:00:18,14.05.2024 05:00:09,Battery Level,  75.73  
04C3E680FACF,Stapler 349-1,14.05.2024 05:00:18,14.05.2024 05:00:09,Battery Used Charge,  1699.13    
04C3E680FACF,Stapler 349-1,14.05.2024 05:00:18,14.05.2024 05:00:09,Battery Voltage,  3.664  
04C3E680FACF,Stapler 349-1,13.05.2024 22:59:47,13.05.2024 22:59:37,Battery Level,  75.74  
04C3E680FACF,Stapler 349-1,13.05.2024 22:59:47,13.05.2024 22:59:37,Battery Used Charge,  1698.245    
04C3E680FACF,Stapler 349-1,13.05.2024 22:59:47,13.05.2024 22:59:37,Battery Voltage,  3.662  
04C3E680FACF,Stapler 349-1,13.05.2024 17:00:22,13.05.2024 17:00:04,Battery Level,  75.76  
04C3E680FACF,Stapler 349-1,13.05.2024 17:00:22,13.05.2024 17:00:04,Battery Used Charge,  1696.104    
04C3E680FACF,Stapler 349-1,13.05.2024 17:00:22,13.05.2024 17:00:04,Battery Voltage,  3.650  
04C3E680FACF,Stapler 349-1,13.05.2024 05:00:30,13.05.2024 05:00:09,Battery Level,  76.33  
04C3E680FACF,Stapler 349-1,13.05.2024 05:00:30,13.05.2024 05:00:09,Battery Used Charge,  1656.846    
04C3E680FACF,Stapler 349-1,13.05.2024 05:00:30,13.05.2024 05:00:09,Battery Voltage,  3.666  
04C3E680FACF,Stapler 349-1,12.05.2024 22:59:47,12.05.2024 22:59:37,Battery Level,  76.33  
04C3E680FACF,Stapler 349-1,12.05.2024 22:59:47,12.05.2024 22:59:37,Battery Used Charge,  1656.009    
04C3E680FACF,Stapler 349-1,12.05.2024 22:59:47,12.05.2024 22:59:37,Battery Voltage,  3.668  
04C3E680FACF,Stapler 349-1,12.05.2024 17:00:13,12.05.2024 17:00:04,Battery Level,  76.35  
04C3E680FACF,Stapler 349-1,12.05.2024 17:00:13,12.05.2024 17:00:04,Battery Used Charge,  1655.181    
04C3E680FACF,Stapler 349-1,12.05.2024 17:00:13,12.05.2024 17:00:04,Battery Voltage,  3.666  
04C3E680FACF,Stapler 349-1,12.05.2024 05:00:18,12.05.2024 05:00:09,Battery Level,  76.37  
04C3E680FACF,Stapler 349-1,12.05.2024 05:00:18,12.05.2024 05:00:09,Battery Used Charge,  1653.995    
04C3E680FACF,Stapler 349-1,12.05.2024 05:00:18,12.05.2024 05:00:09,Battery Voltage,  3.662  
04C3E680FACF,Stapler 349-1,11.05.2024 22:59:47,11.05.2024 22:59:37,Battery Level,  76.37  
04C3E680FACF,Stapler 349-1,11.05.2024 22:59:47,11.05.2024 22:59:37,Battery Used Charge,  1653.119    
04C3E680FACF,Stapler 349-1,11.05.2024 22:59:47,11.05.2024 22:59:37,Battery Voltage,  3.666  
04C3E680FACF,Stapler 349-1,11.05.2024 17:00:13,11.05.2024 17:00:04,Battery Level,  76.39  
04C3E680FACF,Stapler 349-1,11.05.2024 17:00:13,11.05.2024 17:00:04,Battery Used Charge,  1652.287    
04C3E680FACF,Stapler 349-1,11.05.2024 17:00:13,11.05.2024 17:00:04,Battery Voltage,  3.666  
04C3E680FACF,Stapler 349-1,11.05.2024 05:00:18,11.05.2024 05:00:09,Battery Level,  76.41  
04C3E680FACF,Stapler 349-1,11.05.2024 05:00:18,11.05.2024 05:00:09,Battery Used Charge,  1651.06    
04C3E680FACF,Stapler 349-1,11.05.2024 05:00:18,11.05.2024 05:00:09,Battery Voltage,  3.666  
04C3E680FACF,Stapler 349-1,10.05.2024 22:59:47,10.05.2024 22:59:37,Battery Level,  76.43  
04C3E680FACF,Stapler 349-1,10.05.2024 22:59:47,10.05.2024 22:59:37,Battery Used Charge,  1650.239    
04C3E680FACF,Stapler 349-1,10.05.2024 22:59:47,10.05.2024 22:59:37,Battery Voltage,  3.666  
04C3E680FACF,Stapler 349-1,10.05.2024 17:00:14,10.05.2024 17:00:04,Battery Level,  76.44  
04C3E680FACF,Stapler 349-1,10.05.2024 17:00:14,10.05.2024 17:00:04,Battery Used Charge,  1649.328    
04C3E680FACF,Stapler 349-1,10.05.2024 17:00:14,10.05.2024 17:00:04,Battery Voltage,  3.668  
04C3E680FACF,Stapler 349-1,10.05.2024 05:00:18,10.05.2024 05:00:09,Battery Level,  76.46  
04C3E680FACF,Stapler 349-1,10.05.2024 05:00:18,10.05.2024 05:00:09,Battery Used Charge,  1648.135    
04C3E680FACF,Stapler 349-1,10.05.2024 05:00:18,10.05.2024 05:00:09,Battery Voltage,  3.664  
04C3E680FACF,Stapler 349-1,09.05.2024 22:59:56,09.05.2024 22:59:37,Battery Level,  76.47  
04C3E680FACF,Stapler 349-1,09.05.2024 22:59:56,09.05.2024 22:59:37,Battery Used Charge,  1646.898    
04C3E680FACF,Stapler 349-1,09.05.2024 22:59:56,09.05.2024 22:59:37,Battery Voltage,  3.664  
04C3E680FACF,Stapler 349-1,09.05.2024 17:00:14,09.05.2024 17:00:04,Battery Level,  76.49  
04C3E680FACF,Stapler 349-1,09.05.2024 17:00:14,09.05.2024 17:00:04,Battery Used Charge,  1646.029    
04C3E680FACF,Stapler 349-1,09.05.2024 17:00:14,09.05.2024 17:00:04,Battery Voltage,  3.666  
04C3E680FACF,Stapler 349-1,09.05.2024 05:00:18,09.05.2024 05:00:09,Battery Level,  76.5  
04C3E680FACF,Stapler 349-1,09.05.2024 05:00:18,09.05.2024 05:00:09,Battery Used Charge,  1644.843    
04C3E680FACF,Stapler 349-1,09.05.2024 05:00:18,09.05.2024 05:00:09,Battery Voltage,  3.664  
04C3E680FACF,Stapler 349-1,08.05.2024 22:59:46,08.05.2024 22:59:37,Battery Level,  76.51  
04C3E680FACF,Stapler 349-1,08.05.2024 22:59:46,08.05.2024 22:59:37,Battery Used Charge,  1643.982    
04C3E680FACF,Stapler 349-1,08.05.2024 22:59:46,08.05.2024 22:59:37,Battery Voltage,  3.658  
04C3E680FACF,Stapler 349-1,08.05.2024 17:00:21,08.05.2024 17:00:04,Battery Level,  76.54  
04C3E680FACF,Stapler 349-1,08.05.2024 17:00:21,08.05.2024 17:00:04,Battery Used Charge,  1641.871    
04C3E680FACF,Stapler 349-1,08.05.2024 17:00:21,08.05.2024 17:00:04,Battery Voltage,  3.648  
04C3E680FACF,Stapler 349-1,08.05.2024 05:00:19,08.05.2024 05:00:09,Battery Level,  77  
04C3E680FACF,Stapler 349-1,08.05.2024 05:00:19,08.05.2024 05:00:09,Battery Used Charge,  1610.148    
04C3E680FACF,Stapler 349-1,08.05.2024 05:00:19,08.05.2024 05:00:09,Battery Voltage,  3.662  
04C3E680FACF,Stapler 349-1,07.05.2024 22:59:47,07.05.2024 22:59:37,Battery Level,  77.01  
04C3E680FACF,Stapler 349-1,07.05.2024 22:59:47,07.05.2024 22:59:37,Battery Used Charge,  1609.258    
04C3E680FACF,Stapler 349-1,07.05.2024 22:59:47,07.05.2024 22:59:37,Battery Voltage,  3.660  
04C3E680FACF,Stapler 349-1,07.05.2024 17:02:09,07.05.2024 17:00:04,Battery Level,  77.12  
04C3E680FACF,Stapler 349-1,07.05.2024 17:02:09,07.05.2024 17:00:04,Battery Used Charge,  1601.707    
04C3E680FACF,Stapler 349-1,07.05.2024 17:02:09,07.05.2024 17:00:04,Battery Voltage,  3.646  
04C3E680FACF,Stapler 349-1,07.05.2024 05:00:25,07.05.2024 05:00:09,Battery Level,  77.72  
04C3E680FACF,Stapler 349-1,07.05.2024 05:00:25,07.05.2024 05:00:09,Battery Used Charge,  1559.767    
04C3E680FACF,Stapler 349-1,07.05.2024 05:00:25,07.05.2024 05:00:09,Battery Voltage,  3.662  
04C3E680FACF,Stapler 349-1,06.05.2024 22:59:47,06.05.2024 22:59:38,Battery Level,  77.74  
04C3E680FACF,Stapler 349-1,06.05.2024 22:59:47,06.05.2024 22:59:38,Battery Used Charge,  1558.349    
04C3E680FACF,Stapler 349-1,06.05.2024 22:59:47,06.05.2024 22:59:38,Battery Voltage,  3.660  
04C3E680FACF,Stapler 349-1,06.05.2024 17:00:48,06.05.2024 17:00:04,Battery Level,  77.8  
04C3E680FACF,Stapler 349-1,06.05.2024 17:00:48,06.05.2024 17:00:04,Battery Used Charge,  1553.853    
04C3E680FACF,Stapler 349-1,06.05.2024 17:00:48,06.05.2024 17:00:04,Battery Voltage,  3.654  
04C3E680FACF,Stapler 349-1,06.05.2024 05:00:18,06.05.2024 05:00:09,Battery Level,  78.41  
04C3E680FACF,Stapler 349-1,06.05.2024 05:00:18,06.05.2024 05:00:09,Battery Used Charge,  1511.015    
04C3E680FACF,Stapler 349-1,06.05.2024 05:00:18,06.05.2024 05:00:09,Battery Voltage,  3.664  
04C3E680FACF,Stapler 349-1,05.05.2024 22:59:55,05.05.2024 22:59:37,Battery Level,  78.43  
04C3E680FACF,Stapler 349-1,05.05.2024 22:59:55,05.05.2024 22:59:37,Battery Used Charge,  1509.768    
04C3E680FACF,Stapler 349-1,05.05.2024 22:59:55,05.05.2024 22:59:37,Battery Voltage,  3.662  
04C3E680FACF,Stapler 349-1,05.05.2024 17:00:14,05.05.2024 17:00:04,Battery Level,  78.44  
04C3E680FACF,Stapler 349-1,05.05.2024 17:00:14,05.05.2024 17:00:04,Battery Used Charge,  1508.913    
04C3E680FACF,Stapler 349-1,05.05.2024 17:00:14,05.05.2024 17:00:04,Battery Voltage,  3.668  
04C3E680FACF,Stapler 349-1,05.05.2024 05:00:19,05.05.2024 05:00:09,Battery Level,  78.46  
04C3E680FACF,Stapler 349-1,05.05.2024 05:00:19,05.05.2024 05:00:09,Battery Used Charge,  1507.725    
04C3E680FACF,Stapler 349-1,05.05.2024 05:00:19,05.05.2024 05:00:09,Battery Voltage,  3.664  
04C3E680FACF,Stapler 349-1,04.05.2024 22:59:47,04.05.2024 22:59:38,Battery Level,  78.47  
04C3E680FACF,Stapler 349-1,04.05.2024 22:59:47,04.05.2024 22:59:38,Battery Used Charge,  1506.874    
04C3E680FACF,Stapler 349-1,04.05.2024 22:59:47,04.05.2024 22:59:38,Battery Voltage,  3.664  
04C3E680FACF,Stapler 349-1,04.05.2024 17:00:14,04.05.2024 17:00:04,Battery Level,  78.49  
04C3E680FACF,Stapler 349-1,04.05.2024 17:00:14,04.05.2024 17:00:04,Battery Used Charge,  1505.944    
04C3E680FACF,Stapler 349-1,04.05.2024 17:00:14,04.05.2024 17:00:04,Battery Voltage,  3.664  
04C3E680FACF,Stapler 349-1,04.05.2024 05:00:18,04.05.2024 05:00:09,Battery Level,  78.5  
04C3E680FACF,Stapler 349-1,04.05.2024 05:00:18,04.05.2024 05:00:09,Battery Used Charge,  1504.737    
04C3E680FACF,Stapler 349-1,04.05.2024 05:00:18,04.05.2024 05:00:09,Battery Voltage,  3.662  
04C3E680FACF,Stapler 349-1,03.05.2024 22:59:47,03.05.2024 22:59:37,Battery Level,  78.51  
04C3E680FACF,Stapler 349-1,03.05.2024 22:59:47,03.05.2024 22:59:37,Battery Used Charge,  1503.839    
04C3E680FACF,Stapler 349-1,03.05.2024 22:59:47,03.05.2024 22:59:37,Battery Voltage,  3.660  
04C3E680FACF,Stapler 349-1,03.05.2024 17:00:16,03.05.2024 17:00:04,Battery Level,  78.56  
04C3E680FACF,Stapler 349-1,03.05.2024 17:00:16,03.05.2024 17:00:04,Battery Used Charge,  1500.451    
04C3E680FACF,Stapler 349-1,03.05.2024 17:00:16,03.05.2024 17:00:04,Battery Voltage,  3.648  
04C3E680FACF,Stapler 349-1,03.05.2024 05:00:19,03.05.2024 05:00:09,Battery Level,  79.15  
04C3E680FACF,Stapler 349-1,03.05.2024 05:00:19,03.05.2024 05:00:09,Battery Used Charge,  1459.229    
04C3E680FACF,Stapler 349-1,03.05.2024 05:00:19,03.05.2024 05:00:09,Battery Voltage,  3.662  
04C3E680FACF,Stapler 349-1,02.05.2024 22:59:47,02.05.2024 22:59:37,Battery Level,  79.17  
04C3E680FACF,Stapler 349-1,02.05.2024 22:59:47,02.05.2024 22:59:37,Battery Used Charge,  1458.401    
04C3E680FACF,Stapler 349-1,02.05.2024 22:59:47,02.05.2024 22:59:37,Battery Voltage,  3.662  
04C3E680FACF,Stapler 349-1,02.05.2024 17:00:18,02.05.2024 17:00:04,Battery Level,  79.21  
04C3E680FACF,Stapler 349-1,02.05.2024 17:00:18,02.05.2024 17:00:04,Battery Used Charge,  1455.308    
04C3E680FACF,Stapler 349-1,02.05.2024 17:00:18,02.05.2024 17:00:04,Battery Voltage,  3.648  
04C3E680FACF,Stapler 349-1,02.05.2024 05:00:19,02.05.2024 05:00:09,Battery Level,  79.89  
04C3E680FACF,Stapler 349-1,02.05.2024 05:00:19,02.05.2024 05:00:09,Battery Used Charge,  1407.345    
04C3E680FACF,Stapler 349-1,02.05.2024 05:00:19,02.05.2024 05:00:09,Battery Voltage,  3.662  
04C3E680FACF,Stapler 349-1,01.05.2024 22:59:53,01.05.2024 22:59:37,Battery Level,  79.91  
04C3E680FACF,Stapler 349-1,01.05.2024 22:59:53,01.05.2024 22:59:37,Battery Used Charge,  1406.105    
04C3E680FACF,Stapler 349-1,01.05.2024 22:59:53,01.05.2024 22:59:37,Battery Voltage,  3.664  
04C3E680FACF,Stapler 349-1,01.05.2024 17:00:13,01.05.2024 17:00:04,Battery Level,  79.93  
04C3E680FACF,Stapler 349-1,01.05.2024 17:00:13,01.05.2024 17:00:04,Battery Used Charge,  1405.201    
04C3E680FACF,Stapler 349-1,01.05.2024 17:00:13,01.05.2024 17:00:04,Battery Voltage,  3.666  
04C3E680FACF,Stapler 349-1,01.05.2024 05:00:18,01.05.2024 05:00:09,Battery Level,  79.94  
04C3E680FACF,Stapler 349-1,01.05.2024 05:00:18,01.05.2024 05:00:09,Battery Used Charge,  1403.973    
04C3E680FACF,Stapler 349-1,01.05.2024 05:00:18,01.05.2024 05:00:09,Battery Voltage,  3.662  
04C3E680FACF,Stapler 349-1,30.04.2024 22:59:47,30.04.2024 22:59:37,Battery Level,  79.96  
04C3E680FACF,Stapler 349-1,30.04.2024 22:59:47,30.04.2024 22:59:37,Battery Used Charge,  1403.116    
04C3E680FACF,Stapler 349-1,30.04.2024 22:59:47,30.04.2024 22:59:37,Battery Voltage,  3.658  
04C3E680FACF,Stapler 349-1,30.04.2024 17:00:21,30.04.2024 17:00:04,Battery Level,  80.06  
04C3E680FACF,Stapler 349-1,30.04.2024 17:00:21,30.04.2024 17:00:04,Battery Used Charge,  1395.607    
04C3E680FACF,Stapler 349-1,30.04.2024 17:00:21,30.04.2024 17:00:04,Battery Voltage,  3.648  
04C3E680FACF,Stapler 349-1,30.04.2024 05:00:20,30.04.2024 05:00:09,Battery Level,  80.75  
04C3E680FACF,Stapler 349-1,30.04.2024 05:00:20,30.04.2024 05:00:09,Battery Used Charge,  1347.356    
04C3E680FACF,Stapler 349-1,30.04.2024 05:00:20,30.04.2024 05:00:09,Battery Voltage,  3.666  
04C3E680FACF,Stapler 349-1,29.04.2024 22:59:47,29.04.2024 22:59:37,Battery Level,  80.76  
04C3E680FACF,Stapler 349-1,29.04.2024 22:59:47,29.04.2024 22:59:37,Battery Used Charge,  1346.522    
04C3E680FACF,Stapler 349-1,29.04.2024 22:59:47,29.04.2024 22:59:37,Battery Voltage,  3.664  
04C3E680FACF,Stapler 349-1,29.04.2024 17:00:16,29.04.2024 17:00:04,Battery Level,  80.8  
04C3E680FACF,Stapler 349-1,29.04.2024 17:00:16,29.04.2024 17:00:04,Battery Used Charge,  1343.956    
04C3E680FACF,Stapler 349-1,29.04.2024 17:00:16,29.04.2024 17:00:04,Battery Voltage,  3.652  
04C3E680FACF,Stapler 349-1,29.04.2024 05:00:19,29.04.2024 05:00:09,Battery Level,  81.41  
04C3E680FACF,Stapler 349-1,29.04.2024 05:00:19,29.04.2024 05:00:09,Battery Used Charge,  1301.16    
04C3E680FACF,Stapler 349-1,29.04.2024 05:00:19,29.04.2024 05:00:09,Battery Voltage,  3.666  
04C3E680FACF,Stapler 349-1,28.04.2024 22:59:47,28.04.2024 22:59:37,Battery Level,  81.42  
04C3E680FACF,Stapler 349-1,28.04.2024 22:59:47,28.04.2024 22:59:37,Battery Used Charge,  1300.305    
04C3E680FACF,Stapler 349-1,28.04.2024 22:59:47,28.04.2024 22:59:37,Battery Voltage,  3.664  
04C3E680FACF,Stapler 349-1,28.04.2024 17:00:14,28.04.2024 17:00:04,Battery Level,  81.44  
04C3E680FACF,Stapler 349-1,28.04.2024 17:00:14,28.04.2024 17:00:04,Battery Used Charge,  1299.354    
04C3E680FACF,Stapler 349-1,28.04.2024 17:00:14,28.04.2024 17:00:04,Battery Voltage,  3.666  
04C3E680FACF,Stapler 349-1,28.04.2024 05:00:20,28.04.2024 05:00:09,Battery Level,  81.46  
04C3E680FACF,Stapler 349-1,28.04.2024 05:00:20,28.04.2024 05:00:09,Battery Used Charge,  1298.1    
04C3E680FACF,Stapler 349-1,28.04.2024 05:00:20,28.04.2024 05:00:09,Battery Voltage,  3.664  
04C3E680FACF,Stapler 349-1,27.04.2024 22:59:52,27.04.2024 22:59:37,Battery Level,  81.47  
04C3E680FACF,Stapler 349-1,27.04.2024 22:59:52,27.04.2024 22:59:37,Battery Used Charge,  1297.034    
04C3E680FACF,Stapler 349-1,27.04.2024 22:59:52,27.04.2024 22:59:37,Battery Voltage,  3.664  
04C3E680FACF,Stapler 349-1,27.04.2024 17:00:13,27.04.2024 17:00:04,Battery Level,  81.48  
04C3E680FACF,Stapler 349-1,27.04.2024 17:00:13,27.04.2024 17:00:04,Battery Used Charge,  1296.19    
04C3E680FACF,Stapler 349-1,27.04.2024 17:00:13,27.04.2024 17:00:04,Battery Voltage,  3.666  
04C3E680FACF,Stapler 349-1,27.04.2024 05:00:19,27.04.2024 05:00:09,Battery Level,  81.5  
04C3E680FACF,Stapler 349-1,27.04.2024 05:00:19,27.04.2024 05:00:09,Battery Used Charge,  1294.947    
04C3E680FACF,Stapler 349-1,27.04.2024 05:00:19,27.04.2024 05:00:09,Battery Voltage,  3.660  
04C3E680FACF,Stapler 349-1,26.04.2024 23:00:03,26.04.2024 22:59:37,Battery Level,  81.51  
04C3E680FACF,Stapler 349-1,26.04.2024 23:00:03,26.04.2024 22:59:37,Battery Used Charge,  1293.417    
04C3E680FACF,Stapler 349-1,26.04.2024 23:00:03,26.04.2024 22:59:37,Battery Voltage,  3.660  
04C3E680FACF,Stapler 349-1,26.04.2024 17:00:20,26.04.2024 17:00:04,Battery Level,  81.58  
04C3E680FACF,Stapler 349-1,26.04.2024 17:00:20,26.04.2024 17:00:04,Battery Used Charge,  1289.001    
04C3E680FACF,Stapler 349-1,26.04.2024 17:00:20,26.04.2024 17:00:04,Battery Voltage,  3.652  
04C3E680FACF,Stapler 349-1,26.04.2024 05:00:18,26.04.2024 05:00:09,Battery Level,  82.2  
04C3E680FACF,Stapler 349-1,26.04.2024 05:00:18,26.04.2024 05:00:09,Battery Used Charge,  1246.006    
04C3E680FACF,Stapler 349-1,26.04.2024 05:00:18,26.04.2024 05:00:09,Battery Voltage,  3.664  
04C3E680FACF,Stapler 349-1,25.04.2024 22:59:47,25.04.2024 22:59:37,Battery Level,  82.21  
04C3E680FACF,Stapler 349-1,25.04.2024 22:59:47,25.04.2024 22:59:37,Battery Used Charge,  1245.197    
04C3E680FACF,Stapler 349-1,25.04.2024 22:59:47,25.04.2024 22:59:37,Battery Voltage,  3.660  
04C3E680FACF,Stapler 349-1,25.04.2024 17:00:17,25.04.2024 17:00:04,Battery Level,  82.26  
04C3E680FACF,Stapler 349-1,25.04.2024 17:00:17,25.04.2024 17:00:04,Battery Used Charge,  1241.882    
04C3E680FACF,Stapler 349-1,25.04.2024 17:00:17,25.04.2024 17:00:04,Battery Voltage,  3.650  
04C3E680FACF,Stapler 349-1,25.04.2024 05:00:19,25.04.2024 05:00:09,Battery Level,  82.92  
04C3E680FACF,Stapler 349-1,25.04.2024 05:00:19,25.04.2024 05:00:09,Battery Used Charge,  1195.854    
04C3E680FACF,Stapler 349-1,25.04.2024 05:00:19,25.04.2024 05:00:09,Battery Voltage,  3.664  
04C3E680FACF,Stapler 349-1,24.04.2024 22:59:46,24.04.2024 22:59:37,Battery Level,  82.93  
04C3E680FACF,Stapler 349-1,24.04.2024 22:59:46,24.04.2024 22:59:37,Battery Used Charge,  1195.027    
04C3E680FACF,Stapler 349-1,24.04.2024 22:59:46,24.04.2024 22:59:37,Battery Voltage,  3.662  
04C3E680FACF,Stapler 349-1,24.04.2024 17:00:20,24.04.2024 17:00:05,Battery Level,  82.98  
04C3E680FACF,Stapler 349-1,24.04.2024 17:00:20,24.04.2024 17:00:05,Battery Used Charge,  1191.077    
04C3E680FACF,Stapler 349-1,24.04.2024 17:00:20,24.04.2024 17:00:05,Battery Voltage,  3.650  
04C3E680FACF,Stapler 349-1,24.04.2024 05:00:19,24.04.2024 05:00:09,Battery Level,  83.65  
04C3E680FACF,Stapler 349-1,24.04.2024 05:00:19,24.04.2024 05:00:09,Battery Used Charge,  1144.41    
04C3E680FACF,Stapler 349-1,24.04.2024 05:00:19,24.04.2024 05:00:09,Battery Voltage,  3.664  
04C3E680FACF,Stapler 349-1,23.04.2024 22:59:47,23.04.2024 22:59:37,Battery Level,  83.66  
04C3E680FACF,Stapler 349-1,23.04.2024 22:59:47,23.04.2024 22:59:37,Battery Used Charge,  1143.541    
04C3E680FACF,Stapler 349-1,23.04.2024 22:59:47,23.04.2024 22:59:37,Battery Voltage,  3.662  
04C3E680FACF,Stapler 349-1,23.04.2024 17:00:18,23.04.2024 17:00:04,Battery Level,  83.72  
04C3E680FACF,Stapler 349-1,23.04.2024 17:00:18,23.04.2024 17:00:04,Battery Used Charge,  1139.815    
04C3E680FACF,Stapler 349-1,23.04.2024 17:00:18,23.04.2024 17:00:04,Battery Voltage,  3.650  
04C3E680FACF,Stapler 349-1,23.04.2024 05:00:20,23.04.2024 05:00:09,Battery Level,  84.35  
04C3E680FACF,Stapler 349-1,23.04.2024 05:00:20,23.04.2024 05:00:09,Battery Used Charge,  1095.581    
04C3E680FACF,Stapler 349-1,23.04.2024 05:00:20,23.04.2024 05:00:09,Battery Voltage,  3.664  
04C3E680FACF,Stapler 349-1,22.04.2024 22:59:47,22.04.2024 22:59:37,Battery Level,  84.36  
04C3E680FACF,Stapler 349-1,22.04.2024 22:59:47,22.04.2024 22:59:37,Battery Used Charge,  1094.751    
04C3E680FACF,Stapler 349-1,22.04.2024 22:59:47,22.04.2024 22:59:37,Battery Voltage,  3.662  
04C3E680FACF,Stapler 349-1,22.04.2024 17:00:16,22.04.2024 17:00:04,Battery Level,  84.4  
04C3E680FACF,Stapler 349-1,22.04.2024 17:00:16,22.04.2024 17:00:04,Battery Used Charge,  1091.739    
04C3E680FACF,Stapler 349-1,22.04.2024 17:00:16,22.04.2024 17:00:04,Battery Voltage,  3.650  
04C3E680FACF,Stapler 349-1,22.04.2024 05:00:18,22.04.2024 05:00:09,Battery Level,  85.07  
04C3E680FACF,Stapler 349-1,22.04.2024 05:00:18,22.04.2024 05:00:09,Battery Used Charge,  1045.125    
04C3E680FACF,Stapler 349-1,22.04.2024 05:00:18,22.04.2024 05:00:09,Battery Voltage,  3.666  
04C3E680FACF,Stapler 349-1,21.04.2024 22:59:46,21.04.2024 22:59:37,Battery Level,  85.08  
04C3E680FACF,Stapler 349-1,21.04.2024 22:59:46,21.04.2024 22:59:37,Battery Used Charge,  1044.287    
04C3E680FACF,Stapler 349-1,21.04.2024 22:59:46,21.04.2024 22:59:37,Battery Voltage,  3.664  
04C3E680FACF,Stapler 349-1,21.04.2024 17:00:13,21.04.2024 17:00:04,Battery Level,  85.09  
04C3E680FACF,Stapler 349-1,21.04.2024 17:00:13,21.04.2024 17:00:04,Battery Used Charge,  1043.397    
04C3E680FACF,Stapler 349-1,21.04.2024 17:00:13,21.04.2024 17:00:04,Battery Voltage,  3.670  
04C3E680FACF,Stapler 349-1,21.04.2024 05:00:19,21.04.2024 05:00:09,Battery Level,  85.11  
04C3E680FACF,Stapler 349-1,21.04.2024 05:00:19,21.04.2024 05:00:09,Battery Used Charge,  1042.175    
04C3E680FACF,Stapler 349-1,21.04.2024 05:00:19,21.04.2024 05:00:09,Battery Voltage,  3.666  
04C3E680FACF,Stapler 349-1,20.04.2024 22:59:47,20.04.2024 22:59:37,Battery Level,  85.12  
04C3E680FACF,Stapler 349-1,20.04.2024 22:59:47,20.04.2024 22:59:37,Battery Used Charge,  1041.344    
04C3E680FACF,Stapler 349-1,20.04.2024 22:59:47,20.04.2024 22:59:37,Battery Voltage,  3.664  
04C3E680FACF,Stapler 349-1,20.04.2024 17:00:14,20.04.2024 17:00:04,Battery Level,  85.14  
04C3E680FACF,Stapler 349-1,20.04.2024 17:00:14,20.04.2024 17:00:04,Battery Used Charge,  1040.469    
04C3E680FACF,Stapler 349-1,20.04.2024 17:00:14,20.04.2024 17:00:04,Battery Voltage,  3.666  
04C3E680FACF,Stapler 349-1,20.04.2024 05:00:19,20.04.2024 05:00:09,Battery Level,  85.15  
04C3E680FACF,Stapler 349-1,20.04.2024 05:00:19,20.04.2024 05:00:09,Battery Used Charge,  1039.259    
04C3E680FACF,Stapler 349-1,20.04.2024 05:00:19,20.04.2024 05:00:09,Battery Voltage,  3.664  
04C3E680FACF,Stapler 349-1,19.04.2024 22:59:47,19.04.2024 22:59:37,Battery Level,  85.17  
04C3E680FACF,Stapler 349-1,19.04.2024 22:59:47,19.04.2024 22:59:37,Battery Used Charge,  1038.381    
04C3E680FACF,Stapler 349-1,19.04.2024 22:59:47,19.04.2024 22:59:37,Battery Voltage,  3.662  
04C3E680FACF,Stapler 349-1,19.04.2024 17:00:19,19.04.2024 17:00:04,Battery Level,  85.21  
04C3E680FACF,Stapler 349-1,19.04.2024 17:00:19,19.04.2024 17:00:04,Battery Used Charge,  1035.206    
04C3E680FACF,Stapler 349-1,19.04.2024 17:00:19,19.04.2024 17:00:04,Battery Voltage,  3.648  
04C3E680FACF,Stapler 349-1,19.04.2024 05:00:19,19.04.2024 05:00:09,Battery Voltage,  3.664  
04C3E680FACF,Stapler 349-1,19.04.2024 05:00:19,19.04.2024 05:00:09,Battery Level,  85.95  
04C3E680FACF,Stapler 349-1,19.04.2024 05:00:19,19.04.2024 05:00:09,Battery Used Charge,  983.787    
04C3E680FACF,Stapler 349-1,18.04.2024 22:59:46,18.04.2024 22:59:37,Battery Level,  85.96  
04C3E680FACF,Stapler 349-1,18.04.2024 22:59:46,18.04.2024 22:59:37,Battery Used Charge,  982.975    
04C3E680FACF,Stapler 349-1,18.04.2024 22:59:46,18.04.2024 22:59:37,Battery Voltage,  3.662  
04C3E680FACF,Stapler 349-1,18.04.2024 17:00:16,18.04.2024 17:00:04,Battery Level,  85.99  
04C3E680FACF,Stapler 349-1,18.04.2024 17:00:16,18.04.2024 17:00:04,Battery Used Charge,  980.775    
04C3E680FACF,Stapler 349-1,18.04.2024 17:00:16,18.04.2024 17:00:04,Battery Voltage,  3.650  
04C3E680FACF,Stapler 349-1,18.04.2024 05:00:19,18.04.2024 05:00:09,Battery Level,  86.65  
04C3E680FACF,Stapler 349-1,18.04.2024 05:00:19,18.04.2024 05:00:09,Battery Used Charge,  934.222    
04C3E680FACF,Stapler 349-1,18.04.2024 05:00:19,18.04.2024 05:00:09,Battery Voltage,  3.666  
04C3E680FACF,Stapler 349-1,17.04.2024 22:59:48,17.04.2024 22:59:37,Battery Level,  86.67  
04C3E680FACF,Stapler 349-1,17.04.2024 22:59:48,17.04.2024 22:59:37,Battery Used Charge,  933.348    
04C3E680FACF,Stapler 349-1,17.04.2024 22:59:48,17.04.2024 22:59:37,Battery Voltage,  3.664  
04C3E680FACF,Stapler 349-1,17.04.2024 17:00:17,17.04.2024 17:00:04,Battery Level,  86.7  
04C3E680FACF,Stapler 349-1,17.04.2024 17:00:17,17.04.2024 17:00:04,Battery Used Charge,  930.863    
04C3E680FACF,Stapler 349-1,17.04.2024 17:00:17,17.04.2024 17:00:04,Battery Voltage,  3.650  
04C3E680FACF,Stapler 349-1,17.04.2024 05:00:19,17.04.2024 05:00:09,Battery Level,  87.34  
04C3E680FACF,Stapler 349-1,17.04.2024 05:00:19,17.04.2024 05:00:09,Battery Used Charge,  886.33    
04C3E680FACF,Stapler 349-1,17.04.2024 05:00:19,17.04.2024 05:00:09,Battery Voltage,  3.664  
04C3E680FACF,Stapler 349-1,16.04.2024 22:59:47,16.04.2024 22:59:37,Battery Level,  87.35  
04C3E680FACF,Stapler 349-1,16.04.2024 22:59:47,16.04.2024 22:59:37,Battery Used Charge,  885.493    
04C3E680FACF,Stapler 349-1,16.04.2024 22:59:47,16.04.2024 22:59:37,Battery Voltage,  3.660  
04C3E680FACF,Stapler 349-1,16.04.2024 17:00:25,16.04.2024 17:00:04,Battery Level,  87.41  
04C3E680FACF,Stapler 349-1,16.04.2024 17:00:25,16.04.2024 17:00:04,Battery Used Charge,  881.112    
04C3E680FACF,Stapler 349-1,16.04.2024 17:00:25,16.04.2024 17:00:04,Battery Voltage,  3.654  
04C3E680FACF,Stapler 349-1,16.04.2024 05:00:47,16.04.2024 05:00:09,Battery Level,  88.09  
04C3E680FACF,Stapler 349-1,16.04.2024 05:00:47,16.04.2024 05:00:09,Battery Used Charge,  833.634    
04C3E680FACF,Stapler 349-1,16.04.2024 05:00:47,16.04.2024 05:00:09,Battery Voltage,  3.664  
04C3E680FACF,Stapler 349-1,15.04.2024 22:59:49,15.04.2024 22:59:38,Battery Level,  88.11  
04C3E680FACF,Stapler 349-1,15.04.2024 22:59:49,15.04.2024 22:59:38,Battery Used Charge,  832.453    
04C3E680FACF,Stapler 349-1,15.04.2024 22:59:49,15.04.2024 22:59:38,Battery Voltage,  3.662  
04C3E680FACF,Stapler 349-1,15.04.2024 17:00:17,15.04.2024 17:00:04,Battery Level,  88.16  
04C3E680FACF,Stapler 349-1,15.04.2024 17:00:17,15.04.2024 17:00:04,Battery Used Charge,  829.076    
04C3E680FACF,Stapler 349-1,15.04.2024 17:00:17,15.04.2024 17:00:04,Battery Voltage,  3.656  
04C3E680FACF,Stapler 349-1,15.04.2024 05:00:19,15.04.2024 05:00:09,Battery Level,  88.86  
04C3E680FACF,Stapler 349-1,15.04.2024 05:00:19,15.04.2024 05:00:09,Battery Used Charge,  780.135    
04C3E680FACF,Stapler 349-1,15.04.2024 05:00:19,15.04.2024 05:00:09,Battery Voltage,  3.664  
04C3E680FACF,Stapler 349-1,14.04.2024 22:59:49,14.04.2024 22:59:37,Battery Level,  88.87  
04C3E680FACF,Stapler 349-1,14.04.2024 22:59:49,14.04.2024 22:59:37,Battery Used Charge,  778.993    
04C3E680FACF,Stapler 349-1,14.04.2024 22:59:49,14.04.2024 22:59:37,Battery Voltage,  3.666  
04C3E680FACF,Stapler 349-1,14.04.2024 17:00:13,14.04.2024 17:00:04,Battery Level,  88.88  
04C3E680FACF,Stapler 349-1,14.04.2024 17:00:13,14.04.2024 17:00:04,Battery Used Charge,  778.155    
04C3E680FACF,Stapler 349-1,14.04.2024 17:00:13,14.04.2024 17:00:04,Battery Voltage,  3.670  
04C3E680FACF,Stapler 349-1,14.04.2024 05:00:30,14.04.2024 05:00:09,Battery Level,  88.91  
04C3E680FACF,Stapler 349-1,14.04.2024 05:00:30,14.04.2024 05:00:09,Battery Used Charge,  776.247    
04C3E680FACF,Stapler 349-1,14.04.2024 05:00:30,14.04.2024 05:00:09,Battery Voltage,  3.666  
04C3E680FACF,Stapler 349-1,13.04.2024 22:59:47,13.04.2024 22:59:37,Battery Level,  88.92  
04C3E680FACF,Stapler 349-1,13.04.2024 22:59:47,13.04.2024 22:59:37,Battery Used Charge,  775.386    
04C3E680FACF,Stapler 349-1,13.04.2024 22:59:47,13.04.2024 22:59:37,Battery Voltage,  3.668  
04C3E680FACF,Stapler 349-1,13.04.2024 17:00:15,13.04.2024 17:00:04,Battery Level,  88.94  
04C3E680FACF,Stapler 349-1,13.04.2024 17:00:15,13.04.2024 17:00:04,Battery Used Charge,  774.461    
04C3E680FACF,Stapler 349-1,13.04.2024 17:00:15,13.04.2024 17:00:04,Battery Voltage,  3.668  
04C3E680FACF,Stapler 349-1,13.04.2024 05:00:18,13.04.2024 05:00:09,Battery Level,  88.95  
04C3E680FACF,Stapler 349-1,13.04.2024 05:00:18,13.04.2024 05:00:09,Battery Used Charge,  773.197    
04C3E680FACF,Stapler 349-1,13.04.2024 05:00:18,13.04.2024 05:00:09,Battery Voltage,  3.666  
04C3E680FACF,Stapler 349-1,12.04.2024 22:59:49,12.04.2024 22:59:37,Battery Level,  88.97  
04C3E680FACF,Stapler 349-1,12.04.2024 22:59:49,12.04.2024 22:59:37,Battery Used Charge,  771.932    
04C3E680FACF,Stapler 349-1,12.04.2024 22:59:49,12.04.2024 22:59:37,Battery Voltage,  3.664  
04C3E680FACF,Stapler 349-1,12.04.2024 17:00:20,12.04.2024 17:00:04,Battery Level,  89.04  
04C3E680FACF,Stapler 349-1,12.04.2024 17:00:20,12.04.2024 17:00:04,Battery Used Charge,  767.481    
04C3E680FACF,Stapler 349-1,12.04.2024 17:00:20,12.04.2024 17:00:04,Battery Voltage,  3.652  
04C3E680FACF,Stapler 349-1,12.04.2024 05:00:18,12.04.2024 05:00:09,Battery Level,  89.74  
04C3E680FACF,Stapler 349-1,12.04.2024 05:00:18,12.04.2024 05:00:09,Battery Used Charge,  718.3    
04C3E680FACF,Stapler 349-1,12.04.2024 05:00:18,12.04.2024 05:00:09,Battery Voltage,  3.666  
04C3E680FACF,Stapler 349-1,11.04.2024 22:59:47,11.04.2024 22:59:37,Battery Level,  89.75  
04C3E680FACF,Stapler 349-1,11.04.2024 22:59:47,11.04.2024 22:59:37,Battery Used Charge,  717.443    
04C3E680FACF,Stapler 349-1,11.04.2024 22:59:47,11.04.2024 22:59:37,Battery Voltage,  3.664  
04C3E680FACF,Stapler 349-1,11.04.2024 17:00:18,11.04.2024 17:00:04,Battery Level,  89.78  
04C3E680FACF,Stapler 349-1,11.04.2024 17:00:18,11.04.2024 17:00:04,Battery Used Charge,  715.292    
04C3E680FACF,Stapler 349-1,11.04.2024 17:00:18,11.04.2024 17:00:04,Battery Voltage,  3.652  
04C3E680FACF,Stapler 349-1,11.04.2024 05:00:19,11.04.2024 05:00:09,Battery Level,  90.49  
04C3E680FACF,Stapler 349-1,11.04.2024 05:00:19,11.04.2024 05:00:09,Battery Used Charge,  665.984    
04C3E680FACF,Stapler 349-1,11.04.2024 05:00:19,11.04.2024 05:00:09,Battery Voltage,  3.666  
04C3E680FACF,Stapler 349-1,10.04.2024 22:59:52,10.04.2024 22:59:37,Battery Level,  90.5  
04C3E680FACF,Stapler 349-1,10.04.2024 22:59:52,10.04.2024 22:59:37,Battery Used Charge,  664.681    
04C3E680FACF,Stapler 349-1,10.04.2024 22:59:52,10.04.2024 22:59:37,Battery Voltage,  3.662  
04C3E680FACF,Stapler 349-1,10.04.2024 17:00:17,10.04.2024 17:00:04,Battery Level,  90.55  
04C3E680FACF,Stapler 349-1,10.04.2024 17:00:17,10.04.2024 17:00:04,Battery Used Charge,  661.335    
04C3E680FACF,Stapler 349-1,10.04.2024 17:00:17,10.04.2024 17:00:04,Battery Voltage,  3.656  
04C3E680FACF,Stapler 349-1,10.04.2024 05:00:19,10.04.2024 05:00:10,Battery Level,  91.19  
04C3E680FACF,Stapler 349-1,10.04.2024 05:00:19,10.04.2024 05:00:10,Battery Used Charge,  616.952    
04C3E680FACF,Stapler 349-1,10.04.2024 05:00:19,10.04.2024 05:00:10,Battery Voltage,  3.664  
04C3E680FACF,Stapler 349-1,09.04.2024 22:59:46,09.04.2024 22:59:37,Battery Level,  91.2  
04C3E680FACF,Stapler 349-1,09.04.2024 22:59:46,09.04.2024 22:59:37,Battery Used Charge,  616.061    
04C3E680FACF,Stapler 349-1,09.04.2024 22:59:46,09.04.2024 22:59:37,Battery Voltage,  3.664  
04C3E680FACF,Stapler 349-1,09.04.2024 17:00:18,09.04.2024 17:00:04,Battery Level,  91.23  
04C3E680FACF,Stapler 349-1,09.04.2024 17:00:18,09.04.2024 17:00:04,Battery Used Charge,  613.9    
04C3E680FACF,Stapler 349-1,09.04.2024 17:00:18,09.04.2024 17:00:04,Battery Voltage,  3.654  
04C3E680FACF,Stapler 349-1,09.04.2024 05:00:19,09.04.2024 05:00:09,Battery Level,  91.8  
04C3E680FACF,Stapler 349-1,09.04.2024 05:00:19,09.04.2024 05:00:09,Battery Used Charge,  574.038    
04C3E680FACF,Stapler 349-1,09.04.2024 05:00:19,09.04.2024 05:00:09,Battery Voltage,  3.666  
04C3E680FACF,Stapler 349-1,08.04.2024 22:59:48,08.04.2024 22:59:37,Battery Level,  91.81  
04C3E680FACF,Stapler 349-1,08.04.2024 22:59:48,08.04.2024 22:59:37,Battery Used Charge,  573.152    
04C3E680FACF,Stapler 349-1,08.04.2024 22:59:48,08.04.2024 22:59:37,Battery Voltage,  3.666  
04C3E680FACF,Stapler 349-1,08.04.2024 17:00:20,08.04.2024 17:00:04,Battery Level,  91.85  
04C3E680FACF,Stapler 349-1,08.04.2024 17:00:20,08.04.2024 17:00:04,Battery Used Charge,  570.594    
04C3E680FACF,Stapler 349-1,08.04.2024 17:00:20,08.04.2024 17:00:04,Battery Voltage,  3.656  
04C3E680FACF,Stapler 349-1,08.04.2024 05:00:20,08.04.2024 05:00:09,Battery Level,  92.46  
04C3E680FACF,Stapler 349-1,08.04.2024 05:00:20,08.04.2024 05:00:09,Battery Used Charge,  527.969    
04C3E680FACF,Stapler 349-1,08.04.2024 05:00:20,08.04.2024 05:00:09,Battery Voltage,  3.666  
04C3E680FACF,Stapler 349-1,07.04.2024 22:59:49,07.04.2024 22:59:37,Battery Level,  92.47  
04C3E680FACF,Stapler 349-1,07.04.2024 22:59:49,07.04.2024 22:59:37,Battery Used Charge,  526.872    
04C3E680FACF,Stapler 349-1,07.04.2024 22:59:49,07.04.2024 22:59:37,Battery Voltage,  3.660  
04C3E680FACF,Stapler 349-1,07.04.2024 17:00:14,07.04.2024 17:00:04,Battery Level,  92.49  
04C3E680FACF,Stapler 349-1,07.04.2024 17:00:14,07.04.2024 17:00:04,Battery Used Charge,  525.943    
04C3E680FACF,Stapler 349-1,07.04.2024 17:00:14,07.04.2024 17:00:04,Battery Voltage,  3.668  
04C3E680FACF,Stapler 349-1,07.04.2024 05:00:20,07.04.2024 05:00:09,Battery Level,  92.51  
04C3E680FACF,Stapler 349-1,07.04.2024 05:00:20,07.04.2024 05:00:09,Battery Used Charge,  524.213    
04C3E680FACF,Stapler 349-1,07.04.2024 05:00:20,07.04.2024 05:00:09,Battery Voltage,  3.666  
04C3E680FACF,Stapler 349-1,06.04.2024 22:59:46,06.04.2024 22:59:37,Battery Level,  92.52  
04C3E680FACF,Stapler 349-1,06.04.2024 22:59:46,06.04.2024 22:59:37,Battery Used Charge,  523.32    
04C3E680FACF,Stapler 349-1,06.04.2024 22:59:46,06.04.2024 22:59:37,Battery Voltage,  3.668  
04C3E680FACF,Stapler 349-1,06.04.2024 17:00:14,06.04.2024 17:00:04,Battery Level,  92.54  
04C3E680FACF,Stapler 349-1,06.04.2024 17:00:14,06.04.2024 17:00:04,Battery Used Charge,  522.272    
04C3E680FACF,Stapler 349-1,06.04.2024 17:00:14,06.04.2024 17:00:04,Battery Voltage,  3.668  
04C3E680FACF,Stapler 349-1,06.04.2024 05:00:20,06.04.2024 05:00:10,Battery Level,  92.56  
04C3E680FACF,Stapler 349-1,06.04.2024 05:00:20,06.04.2024 05:00:10,Battery Used Charge,  520.588    
04C3E680FACF,Stapler 349-1,06.04.2024 05:00:20,06.04.2024 05:00:10,Battery Voltage,  3.666  
04C3E680FACF,Stapler 349-1,05.04.2024 23:00:13,05.04.2024 22:59:37,Battery Level,  92.59  
04C3E680FACF,Stapler 349-1,05.04.2024 23:00:13,05.04.2024 22:59:37,Battery Used Charge,  518.585    
04C3E680FACF,Stapler 349-1,05.04.2024 23:00:13,05.04.2024 22:59:37,Battery Voltage,  3.666  
04C3E680FACF,Stapler 349-1,05.04.2024 22:59:52,05.04.2024 17:00:04,Battery Level,  92.61  
04C3E680FACF,Stapler 349-1,05.04.2024 22:59:52,05.04.2024 17:00:04,Battery Used Charge,  516.966    
04C3E680FACF,Stapler 349-1,05.04.2024 22:59:52,05.04.2024 17:00:04,Battery Voltage,  3.658  
04C3E680FACF,Stapler 349-1,05.04.2024 05:00:19,05.04.2024 05:00:09,Battery Level,  93.13  
04C3E680FACF,Stapler 349-1,05.04.2024 05:00:19,05.04.2024 05:00:09,Battery Used Charge,  480.798    
04C3E680FACF,Stapler 349-1,05.04.2024 05:00:19,05.04.2024 05:00:09,Battery Voltage,  3.666  
04C3E680FACF,Stapler 349-1,04.04.2024 22:59:46,04.04.2024 22:59:37,Battery Level,  93.14  
04C3E680FACF,Stapler 349-1,04.04.2024 22:59:46,04.04.2024 22:59:37,Battery Used Charge,  479.958    
04C3E680FACF,Stapler 349-1,04.04.2024 22:59:46,04.04.2024 22:59:37,Battery Voltage,  3.662  
04C3E680FACF,Stapler 349-1,04.04.2024 17:00:59,04.04.2024 17:00:21,Battery Level,  93.48  
04C3E680FACF,Stapler 349-1,04.04.2024 17:00:59,04.04.2024 17:00:21,Battery Used Charge,  456.65    
04C3E680FACF,Stapler 349-1,04.04.2024 17:00:59,04.04.2024 17:00:21,Battery Voltage,  3.658  
04C3E680FACF,Stapler 349-1,04.04.2024 05:00:33,04.04.2024 05:00:03,Battery Level,  93.5  
04C3E680FACF,Stapler 349-1,04.04.2024 05:00:33,04.04.2024 05:00:03,Battery Used Charge,  454.952    
04C3E680FACF,Stapler 349-1,04.04.2024 05:00:33,04.04.2024 05:00:03,Battery Voltage,  3.662  
04C3E680FACF,Stapler 349-1,03.04.2024 23:00:02,03.04.2024 22:59:32,Battery Level,  93.52  
04C3E680FACF,Stapler 349-1,03.04.2024 23:00:02,03.04.2024 22:59:32,Battery Used Charge,  453.54    
04C3E680FACF,Stapler 349-1,03.04.2024 23:00:02,03.04.2024 22:59:32,Battery Voltage,  3.662  
04C3E680FACF,Stapler 349-1,03.04.2024 17:00:26,03.04.2024 16:59:53,Battery Level,  93.58  
04C3E680FACF,Stapler 349-1,03.04.2024 17:00:26,03.04.2024 16:59:53,Battery Used Charge,  449.657    
04C3E680FACF,Stapler 349-1,03.04.2024 17:00:26,03.04.2024 16:59:53,Battery Voltage,  3.656  
04C3E680FACF,Stapler 349-1,03.04.2024 05:00:51,03.04.2024 05:00:21,Battery Level,  93.6  
04C3E680FACF,Stapler 349-1,03.04.2024 05:00:51,03.04.2024 05:00:21,Battery Used Charge,  447.993    
04C3E680FACF,Stapler 349-1,03.04.2024 05:00:51,03.04.2024 05:00:21,Battery Voltage,  3.662  
04C3E680FACF,Stapler 349-1,02.04.2024 23:00:34,02.04.2024 23:00:00,Battery Level,  93.62  
04C3E680FACF,Stapler 349-1,02.04.2024 23:00:34,02.04.2024 23:00:00,Battery Used Charge,  446.472    
04C3E680FACF,Stapler 349-1,02.04.2024 23:00:34,02.04.2024 23:00:00,Battery Voltage,  3.662  
04C3E680FACF,Stapler 349-1,02.04.2024 17:00:51,02.04.2024 17:00:15,Battery Level,  93.67  
04C3E680FACF,Stapler 349-1,02.04.2024 17:00:51,02.04.2024 17:00:15,Battery Used Charge,  442.852    
04C3E680FACF,Stapler 349-1,02.04.2024 17:00:51,02.04.2024 17:00:15,Battery Voltage,  3.660  
04C3E680FACF,Stapler 349-1,02.04.2024 05:00:13,02.04.2024 04:59:38,Battery Level,  93.7  
04C3E680FACF,Stapler 349-1,02.04.2024 05:00:13,02.04.2024 04:59:38,Battery Used Charge,  440.954    
04C3E680FACF,Stapler 349-1,02.04.2024 05:00:13,02.04.2024 04:59:38,Battery Voltage,  3.660  
04C3E680FACF,Stapler 349-1,01.04.2024 23:00:11,01.04.2024 22:59:36,Battery Voltage,  3.660  
04C3E680FACF,Stapler 349-1,01.04.2024 23:00:11,01.04.2024 22:59:36,Battery Level,  93.72  
04C3E680FACF,Stapler 349-1,01.04.2024 23:00:11,01.04.2024 22:59:36,Battery Used Charge,  439.358    
04C3E680FACF,Stapler 349-1,01.04.2024 17:00:28,01.04.2024 16:59:52,Battery Level,  93.75  
04C3E680FACF,Stapler 349-1,01.04.2024 17:00:28,01.04.2024 16:59:52,Battery Used Charge,  437.547    
04C3E680FACF,Stapler 349-1,01.04.2024 17:00:28,01.04.2024 16:59:52,Battery Voltage,  3.662  
04C3E680FACF,Stapler 349-1,01.04.2024 05:00:15,01.04.2024 04:59:38,Battery Level,  93.78  
04C3E680FACF,Stapler 349-1,01.04.2024 05:00:15,01.04.2024 04:59:38,Battery Used Charge,  435.443    
04C3E680FACF,Stapler 349-1,01.04.2024 05:00:15,01.04.2024 04:59:38,Battery Voltage,  3.660  
04C3E680FACF,Stapler 349-1,31.03.2024 23:00:13,31.03.2024 22:59:35,Battery Level,  93.81  
04C3E680FACF,Stapler 349-1,31.03.2024 23:00:13,31.03.2024 22:59:35,Battery Used Charge,  433.545    
04C3E680FACF,Stapler 349-1,31.03.2024 23:00:13,31.03.2024 22:59:35,Battery Voltage,  3.658  
04C3E680FACF,Stapler 349-1,31.03.2024 17:00:27,31.03.2024 16:59:52,Battery Level,  93.83  
04C3E680FACF,Stapler 349-1,31.03.2024 17:00:27,31.03.2024 16:59:52,Battery Used Charge,  431.99    
04C3E680FACF,Stapler 349-1,31.03.2024 17:00:27,31.03.2024 16:59:52,Battery Voltage,  3.664  
04C3E680FACF,Stapler 349-1,31.03.2024 05:00:39,31.03.2024 04:59:38,Battery Level,  93.89  
04C3E680FACF,Stapler 349-1,31.03.2024 05:00:39,31.03.2024 04:59:38,Battery Used Charge,  427.695    
04C3E680FACF,Stapler 349-1,31.03.2024 05:00:39,31.03.2024 04:59:38,Battery Voltage,  3.660  
04C3E680FACF,Stapler 349-1,30.03.2024 22:00:12,30.03.2024 21:59:35,Battery Level,  93.92  
04C3E680FACF,Stapler 349-1,30.03.2024 22:00:12,30.03.2024 21:59:35,Battery Used Charge,  425.596    
04C3E680FACF,Stapler 349-1,30.03.2024 22:00:12,30.03.2024 21:59:35,Battery Voltage,  3.662  
04C3E680FACF,Stapler 349-1,30.03.2024 16:00:26,30.03.2024 15:59:51,Battery Used Charge,  423.79    
04C3E680FACF,Stapler 349-1,30.03.2024 16:00:26,30.03.2024 15:59:51,Battery Voltage,  3.664  
04C3E680FACF,Stapler 349-1,30.03.2024 16:00:26,30.03.2024 15:59:51,Battery Level,  93.95  
04C3E680FACF,Stapler 349-1,30.03.2024 04:00:14,30.03.2024 03:59:38,Battery Level,  93.97  
04C3E680FACF,Stapler 349-1,30.03.2024 04:00:14,30.03.2024 03:59:38,Battery Used Charge,  421.786    
04C3E680FACF,Stapler 349-1,30.03.2024 04:00:14,30.03.2024 03:59:38,Battery Voltage,  3.662  
04C3E680FACF,Stapler 349-1,29.03.2024 22:00:10,29.03.2024 21:59:35,Battery Used Charge,  420.1    
04C3E680FACF,Stapler 349-1,29.03.2024 22:00:10,29.03.2024 21:59:35,Battery Voltage,  3.660  
04C3E680FACF,Stapler 349-1,29.03.2024 22:00:10,29.03.2024 21:59:35,Battery Level,  94  
04C3E680FACF,Stapler 349-1,29.03.2024 16:00:28,29.03.2024 15:59:52,Battery Level,  94.04  
04C3E680FACF,Stapler 349-1,29.03.2024 16:00:28,29.03.2024 15:59:52,Battery Used Charge,  417.016    
04C3E680FACF,Stapler 349-1,29.03.2024 16:00:28,29.03.2024 15:59:52,Battery Voltage,  3.658  
04C3E680FACF,Stapler 349-1,29.03.2024 04:00:41,29.03.2024 04:00:12,Battery Level,  94.07  
04C3E680FACF,Stapler 349-1,29.03.2024 04:00:41,29.03.2024 04:00:12,Battery Used Charge,  415.346    
04C3E680FACF,Stapler 349-1,29.03.2024 04:00:41,29.03.2024 04:00:12,Battery Voltage,  3.662  
04C3E680FACF,Stapler 349-1,28.03.2024 22:00:15,28.03.2024 21:59:40,Battery Level,  94.09  
04C3E680FACF,Stapler 349-1,28.03.2024 22:00:15,28.03.2024 21:59:40,Battery Used Charge,  413.784    
04C3E680FACF,Stapler 349-1,28.03.2024 22:00:15,28.03.2024 21:59:40,Battery Voltage,  3.658  
04C3E680FACF,Stapler 349-1,28.03.2024 16:00:38,28.03.2024 15:59:59,Battery Level,  94.16  
04C3E680FACF,Stapler 349-1,28.03.2024 16:00:38,28.03.2024 15:59:59,Battery Used Charge,  409.149    
04C3E680FACF,Stapler 349-1,28.03.2024 16:00:38,28.03.2024 15:59:59,Battery Voltage,  3.652  
04C3E680FACF,Stapler 349-1,28.03.2024 04:00:36,28.03.2024 04:00:06,Battery Level,  94.18  
04C3E680FACF,Stapler 349-1,28.03.2024 04:00:36,28.03.2024 04:00:06,Battery Used Charge,  407.435    
04C3E680FACF,Stapler 349-1,28.03.2024 04:00:36,28.03.2024 04:00:06,Battery Voltage,  3.658  
04C3E680FACF,Stapler 349-1,27.03.2024 22:00:48,27.03.2024 22:00:13,Battery Level,  94.2  
04C3E680FACF,Stapler 349-1,27.03.2024 22:00:48,27.03.2024 22:00:13,Battery Used Charge,  405.914    
04C3E680FACF,Stapler 349-1,27.03.2024 22:00:48,27.03.2024 22:00:13,Battery Voltage,  3.662  
04C3E680FACF,Stapler 349-1,27.03.2024 16:00:34,27.03.2024 15:59:56,Battery Level,  94.27  
04C3E680FACF,Stapler 349-1,27.03.2024 16:00:34,27.03.2024 15:59:56,Battery Used Charge,  400.858    
04C3E680FACF,Stapler 349-1,27.03.2024 16:00:34,27.03.2024 15:59:56,Battery Voltage,  3.646  
04C3E680FACF,Stapler 349-1,27.03.2024 04:00:43,27.03.2024 04:00:13,Battery Level,  94.3  
04C3E680FACF,Stapler 349-1,27.03.2024 04:00:43,27.03.2024 04:00:13,Battery Used Charge,  399.119    
04C3E680FACF,Stapler 349-1,27.03.2024 04:00:43,27.03.2024 04:00:13,Battery Voltage,  3.660  
04C3E680FACF,Stapler 349-1,26.03.2024 22:00:11,26.03.2024 21:59:36,Battery Level,  94.32  
04C3E680FACF,Stapler 349-1,26.03.2024 22:00:11,26.03.2024 21:59:36,Battery Used Charge,  397.479    
04C3E680FACF,Stapler 349-1,26.03.2024 22:00:11,26.03.2024 21:59:36,Battery Voltage,  3.658  
04C3E680FACF,Stapler 349-1,26.03.2024 16:00:42,26.03.2024 16:00:04,Battery Level,  94.41  
04C3E680FACF,Stapler 349-1,26.03.2024 16:00:42,26.03.2024 16:00:04,Battery Used Charge,  391.381    
04C3E680FACF,Stapler 349-1,26.03.2024 16:00:42,26.03.2024 16:00:04,Battery Voltage,  3.650  
04C3E680FACF,Stapler 349-1,26.03.2024 04:00:14,26.03.2024 03:59:44,Battery Level,  94.43  
04C3E680FACF,Stapler 349-1,26.03.2024 04:00:14,26.03.2024 03:59:44,Battery Used Charge,  389.705    
04C3E680FACF,Stapler 349-1,26.03.2024 04:00:14,26.03.2024 03:59:44,Battery Voltage,  3.660  
04C3E680FACF,Stapler 349-1,25.03.2024 22:00:49,25.03.2024 22:00:14,Battery Level,  94.45  
04C3E680FACF,Stapler 349-1,25.03.2024 22:00:49,25.03.2024 22:00:14,Battery Used Charge,  388.176    
04C3E680FACF,Stapler 349-1,25.03.2024 22:00:49,25.03.2024 22:00:14,Battery Voltage,  3.658  
04C3E680FACF,Stapler 349-1,25.03.2024 16:00:29,25.03.2024 15:59:54,Battery Level,  94.52  
04C3E680FACF,Stapler 349-1,25.03.2024 16:00:29,25.03.2024 15:59:54,Battery Used Charge,  383.327    
04C3E680FACF,Stapler 349-1,25.03.2024 16:00:29,25.03.2024 15:59:54,Battery Voltage,  3.654  
04C3E680FACF,Stapler 349-1,25.03.2024 04:00:13,25.03.2024 03:59:43,Battery Level,  94.54  
04C3E680FACF,Stapler 349-1,25.03.2024 04:00:13,25.03.2024 03:59:43,Battery Used Charge,  381.955    
04C3E680FACF,Stapler 349-1,25.03.2024 04:00:13,25.03.2024 03:59:43,Battery Voltage,  3.664  
04C3E680FACF,Stapler 349-1,24.03.2024 22:00:58,24.03.2024 22:00:22,Battery Level,  94.56  
04C3E680FACF,Stapler 349-1,24.03.2024 22:00:58,24.03.2024 22:00:22,Battery Used Charge,  380.835    
04C3E680FACF,Stapler 349-1,24.03.2024 22:00:58,24.03.2024 22:00:22,Battery Voltage,  3.664  
04C3E680FACF,Stapler 349-1,24.03.2024 16:00:52,24.03.2024 16:00:22,Battery Level,  94.57  
04C3E680FACF,Stapler 349-1,24.03.2024 16:00:52,24.03.2024 16:00:22,Battery Used Charge,  379.8    
04C3E680FACF,Stapler 349-1,24.03.2024 16:00:52,24.03.2024 16:00:22,Battery Voltage,  3.664  
04C3E680FACF,Stapler 349-1,24.03.2024 04:00:12,24.03.2024 03:59:43,Battery Level,  94.59  
04C3E680FACF,Stapler 349-1,24.03.2024 04:00:12,24.03.2024 03:59:43,Battery Used Charge,  378.44    
04C3E680FACF,Stapler 349-1,24.03.2024 04:00:12,24.03.2024 03:59:43,Battery Voltage,  3.656  
04C3E680FACF,Stapler 349-1,23.03.2024 22:00:53,23.03.2024 22:00:22,Battery Level,  94.61  
04C3E680FACF,Stapler 349-1,23.03.2024 22:00:53,23.03.2024 22:00:22,Battery Used Charge,  377.392    
04C3E680FACF,Stapler 349-1,23.03.2024 22:00:53,23.03.2024 22:00:22,Battery Voltage,  3.662  
04C3E680FACF,Stapler 349-1,23.03.2024 16:00:51,23.03.2024 16:00:21,Battery Level,  94.62  
04C3E680FACF,Stapler 349-1,23.03.2024 16:00:51,23.03.2024 16:00:21,Battery Used Charge,  376.379    
04C3E680FACF,Stapler 349-1,23.03.2024 16:00:51,23.03.2024 16:00:21,Battery Voltage,  3.662  
04C3E680FACF,Stapler 349-1,23.03.2024 04:00:20,23.03.2024 03:59:44,Battery Level,  94.64  
04C3E680FACF,Stapler 349-1,23.03.2024 04:00:20,23.03.2024 03:59:44,Battery Used Charge,  374.892    
04C3E680FACF,Stapler 349-1,23.03.2024 04:00:20,23.03.2024 03:59:44,Battery Voltage,  3.658  
04C3E680FACF,Stapler 349-1,22.03.2024 22:00:57,22.03.2024 22:00:23,Battery Level,  94.66  
04C3E680FACF,Stapler 349-1,22.03.2024 22:00:57,22.03.2024 22:00:23,Battery Used Charge,  373.779    
04C3E680FACF,Stapler 349-1,22.03.2024 22:00:57,22.03.2024 22:00:23,Battery Voltage,  3.662  
04C3E680FACF,Stapler 349-1,22.03.2024 16:00:51,22.03.2024 16:00:22,Battery Level,  94.68  
04C3E680FACF,Stapler 349-1,22.03.2024 16:00:51,22.03.2024 16:00:22,Battery Used Charge,  372.743    
04C3E680FACF,Stapler 349-1,22.03.2024 16:00:51,22.03.2024 16:00:22,Battery Voltage,  3.662  
04C3E680FACF,Stapler 349-1,22.03.2024 04:00:19,22.03.2024 03:59:44,Battery Level,  94.7  
04C3E680FACF,Stapler 349-1,22.03.2024 04:00:19,22.03.2024 03:59:44,Battery Used Charge,  371.229    
04C3E680FACF,Stapler 349-1,22.03.2024 04:00:19,22.03.2024 03:59:44,Battery Voltage,  3.660  
04C3E680FACF,Stapler 349-1,21.03.2024 22:00:52,21.03.2024 22:00:22,Battery Level,  94.71  
04C3E680FACF,Stapler 349-1,21.03.2024 22:00:52,21.03.2024 22:00:22,Battery Used Charge,  370.206    
04C3E680FACF,Stapler 349-1,21.03.2024 22:00:52,21.03.2024 22:00:22,Battery Voltage,  3.662  
04C3E680FACF,Stapler 349-1,21.03.2024 16:00:51,21.03.2024 16:00:21,Battery Level,  94.73  
04C3E680FACF,Stapler 349-1,21.03.2024 16:00:51,21.03.2024 16:00:21,Battery Used Charge,  368.987    
04C3E680FACF,Stapler 349-1,21.03.2024 16:00:51,21.03.2024 16:00:21,Battery Voltage,  3.662  
04C3E680FACF,Stapler 349-1,21.03.2024 04:00:50,21.03.2024 04:00:15,Battery Level,  94.76  
04C3E680FACF,Stapler 349-1,21.03.2024 04:00:50,21.03.2024 04:00:15,Battery Used Charge,  367.1    
04C3E680FACF,Stapler 349-1,21.03.2024 04:00:50,21.03.2024 04:00:15,Battery Voltage,  3.660  
04C3E680FACF,Stapler 349-1,20.03.2024 22:00:54,20.03.2024 22:00:11,Battery Level,  94.78  
04C3E680FACF,Stapler 349-1,20.03.2024 22:00:54,20.03.2024 22:00:11,Battery Used Charge,  365.142    
04C3E680FACF,Stapler 349-1,20.03.2024 22:00:54,20.03.2024 22:00:11,Battery Voltage,  3.660  
04C3E680FACF,Stapler 349-1,20.03.2024 22:00:46,20.03.2024 15:59:35,Battery Level,  94.81  
04C3E680FACF,Stapler 349-1,20.03.2024 22:00:46,20.03.2024 15:59:35,Battery Used Charge,  363.295    
04C3E680FACF,Stapler 349-1,20.03.2024 22:00:46,20.03.2024 15:59:35,Battery Voltage,  3.660  
04C3E680FACF,Stapler 349-1,20.03.2024 04:00:14,20.03.2024 03:59:44,Battery Level,  94.83  
04C3E680FACF,Stapler 349-1,20.03.2024 04:00:14,20.03.2024 03:59:44,Battery Used Charge,  361.579    
04C3E680FACF,Stapler 349-1,20.03.2024 04:00:14,20.03.2024 03:59:44,Battery Voltage,  3.658  
04C3E680FACF,Stapler 349-1,19.03.2024 22:00:13,19.03.2024 21:59:44,Battery Level,  94.85  
04C3E680FACF,Stapler 349-1,19.03.2024 22:00:13,19.03.2024 21:59:44,Battery Used Charge,  360.275    
04C3E680FACF,Stapler 349-1,19.03.2024 22:00:13,19.03.2024 21:59:44,Battery Voltage,  3.658  
04C3E680FACF,Stapler 349-1,19.03.2024 16:00:16,19.03.2024 15:59:41,Battery Level,  94.88  
04C3E680FACF,Stapler 349-1,19.03.2024 16:00:16,19.03.2024 15:59:41,Battery Used Charge,  358.306    
04C3E680FACF,Stapler 349-1,19.03.2024 16:00:16,19.03.2024 15:59:41,Battery Voltage,  3.656  
04C3E680FACF,Stapler 349-1,19.03.2024 04:00:08,19.03.2024 03:59:32,Battery Level,  94.91  
04C3E680FACF,Stapler 349-1,19.03.2024 04:00:08,19.03.2024 03:59:32,Battery Used Charge,  356.393    
04C3E680FACF,Stapler 349-1,19.03.2024 04:00:08,19.03.2024 03:59:32,Battery Voltage,  3.658  
04C3E680FACF,Stapler 349-1,18.03.2024 22:00:06,18.03.2024 21:59:36,Battery Level,  94.93  
04C3E680FACF,Stapler 349-1,18.03.2024 22:00:06,18.03.2024 21:59:36,Battery Used Charge,  355.101    
04C3E680FACF,Stapler 349-1,18.03.2024 22:00:06,18.03.2024 21:59:36,Battery Voltage,  3.658  
04C3E680FACF,Stapler 349-1,18.03.2024 16:00:49,18.03.2024 16:00:18,Battery Level,  94.96  
04C3E680FACF,Stapler 349-1,18.03.2024 16:00:49,18.03.2024 16:00:18,Battery Used Charge,  353.011    
04C3E680FACF,Stapler 349-1,18.03.2024 16:00:49,18.03.2024 16:00:18,Battery Voltage,  3.658  
04C3E680FACF,Stapler 349-1,18.03.2024 04:00:47,18.03.2024 04:00:13,Battery Level,  94.98  
04C3E680FACF,Stapler 349-1,18.03.2024 04:00:47,18.03.2024 04:00:13,Battery Used Charge,  351.534    
04C3E680FACF,Stapler 349-1,18.03.2024 04:00:47,18.03.2024 04:00:13,Battery Voltage,  3.660  
04C3E680FACF,Stapler 349-1,17.03.2024 22:00:01,17.03.2024 21:59:31,Battery Level,  94.99  
04C3E680FACF,Stapler 349-1,17.03.2024 22:00:01,17.03.2024 21:59:31,Battery Used Charge,  350.51    
04C3E680FACF,Stapler 349-1,17.03.2024 22:00:01,17.03.2024 21:59:31,Battery Voltage,  3.662  
04C3E680FACF,Stapler 349-1,17.03.2024 16:00:06,17.03.2024 15:59:31,Battery Level,  95.01  
04C3E680FACF,Stapler 349-1,17.03.2024 16:00:06,17.03.2024 15:59:31,Battery Used Charge,  349.391    
04C3E680FACF,Stapler 349-1,17.03.2024 16:00:06,17.03.2024 15:59:31,Battery Voltage,  3.664  
04C3E680FACF,Stapler 349-1,17.03.2024 04:00:48,17.03.2024 04:00:13,Battery Level,  95.03  
04C3E680FACF,Stapler 349-1,17.03.2024 04:00:48,17.03.2024 04:00:13,Battery Used Charge,  347.894    
04C3E680FACF,Stapler 349-1,17.03.2024 04:00:48,17.03.2024 04:00:13,Battery Voltage,  3.658  
04C3E680FACF,Stapler 349-1,16.03.2024 22:00:05,16.03.2024 21:59:31,Battery Level,  95.05  
04C3E680FACF,Stapler 349-1,16.03.2024 22:00:05,16.03.2024 21:59:31,Battery Used Charge,  346.773    
04C3E680FACF,Stapler 349-1,16.03.2024 22:00:05,16.03.2024 21:59:31,Battery Voltage,  3.660  
04C3E680FACF,Stapler 349-1,16.03.2024 16:00:05,16.03.2024 15:59:30,Battery Level,  95.06  
04C3E680FACF,Stapler 349-1,16.03.2024 16:00:05,16.03.2024 15:59:30,Battery Used Charge,  345.657    
04C3E680FACF,Stapler 349-1,16.03.2024 16:00:05,16.03.2024 15:59:30,Battery Voltage,  3.662  
04C3E680FACF,Stapler 349-1,16.03.2024 04:00:42,16.03.2024 04:00:13,Battery Level,  95.08  
04C3E680FACF,Stapler 349-1,16.03.2024 04:00:42,16.03.2024 04:00:13,Battery Used Charge,  344.257    
04C3E680FACF,Stapler 349-1,16.03.2024 04:00:42,16.03.2024 04:00:13,Battery Voltage,  3.660  
04C3E680FACF,Stapler 349-1,15.03.2024 22:00:05,15.03.2024 21:59:30,Battery Level,  95.1  
04C3E680FACF,Stapler 349-1,15.03.2024 22:00:05,15.03.2024 21:59:30,Battery Used Charge,  343.132    
04C3E680FACF,Stapler 349-1,15.03.2024 22:00:05,15.03.2024 21:59:30,Battery Voltage,  3.658  
04C3E680FACF,Stapler 349-1,15.03.2024 16:00:02,15.03.2024 15:59:31,Battery Level,  95.11  
04C3E680FACF,Stapler 349-1,15.03.2024 16:00:02,15.03.2024 15:59:31,Battery Used Charge,  342.073    
04C3E680FACF,Stapler 349-1,15.03.2024 16:00:02,15.03.2024 15:59:31,Battery Voltage,  3.662  
04C3E680FACF,Stapler 349-1,15.03.2024 04:00:21,15.03.2024 03:59:46,Battery Level,  95.13  
04C3E680FACF,Stapler 349-1,15.03.2024 04:00:21,15.03.2024 03:59:46,Battery Used Charge,  340.574    
04C3E680FACF,Stapler 349-1,15.03.2024 04:00:21,15.03.2024 03:59:46,Battery Voltage,  3.658  
04C3E680FACF,Stapler 349-1,14.03.2024 22:00:54,14.03.2024 22:00:20,Battery Level,  95.15  
04C3E680FACF,Stapler 349-1,14.03.2024 22:00:54,14.03.2024 22:00:20,Battery Used Charge,  339.448    
04C3E680FACF,Stapler 349-1,14.03.2024 22:00:54,14.03.2024 22:00:20,Battery Voltage,  3.660  
04C3E680FACF,Stapler 349-1,14.03.2024 16:00:39,14.03.2024 16:00:02,Battery Level,  95.17  
04C3E680FACF,Stapler 349-1,14.03.2024 16:00:39,14.03.2024 16:00:02,Battery Used Charge,  338.185    
04C3E680FACF,Stapler 349-1,14.03.2024 16:00:39,14.03.2024 16:00:02,Battery Voltage,  3.662  
04C3E680FACF,Stapler 349-1,14.03.2024 04:00:24,14.03.2024 03:59:49,Battery Level,  95.2  
04C3E680FACF,Stapler 349-1,14.03.2024 04:00:24,14.03.2024 03:59:49,Battery Used Charge,  336.289    
04C3E680FACF,Stapler 349-1,14.03.2024 04:00:24,14.03.2024 03:59:49,Battery Voltage,  3.654  
04C3E680FACF,Stapler 349-1,13.03.2024 22:00:56,13.03.2024 22:00:21,Battery Level,  95.22  
04C3E680FACF,Stapler 349-1,13.03.2024 22:00:56,13.03.2024 22:00:21,Battery Used Charge,  334.717    
04C3E680FACF,Stapler 349-1,13.03.2024 22:00:56,13.03.2024 22:00:21,Battery Voltage,  3.658  
04C3E680FACF,Stapler 349-1,13.03.2024 16:00:36,13.03.2024 16:00:02,Battery Level,  95.25  
04C3E680FACF,Stapler 349-1,13.03.2024 16:00:36,13.03.2024 16:00:02,Battery Used Charge,  332.177    
04C3E680FACF,Stapler 349-1,13.03.2024 16:00:36,13.03.2024 16:00:02,Battery Voltage,  3.660  
04C3E680FACF,Stapler 349-1,13.03.2024 04:00:41,13.03.2024 04:00:11,Battery Level,  95.28  
04C3E680FACF,Stapler 349-1,13.03.2024 04:00:41,13.03.2024 04:00:11,Battery Used Charge,  330.52    
04C3E680FACF,Stapler 349-1,13.03.2024 04:00:41,13.03.2024 04:00:11,Battery Voltage,  3.658  
04C3E680FACF,Stapler 349-1,12.03.2024 22:00:30,12.03.2024 21:59:54,Battery Level,  95.3  
04C3E680FACF,Stapler 349-1,12.03.2024 22:00:30,12.03.2024 21:59:54,Battery Used Charge,  328.923    
04C3E680FACF,Stapler 349-1,12.03.2024 22:00:30,12.03.2024 21:59:54,Battery Voltage,  3.656  
04C3E680FACF,Stapler 349-1,12.03.2024 16:00:43,12.03.2024 16:00:02,Battery Level,  95.33  
04C3E680FACF,Stapler 349-1,12.03.2024 16:00:43,12.03.2024 16:00:02,Battery Used Charge,  326.633    
04C3E680FACF,Stapler 349-1,12.03.2024 16:00:43,12.03.2024 16:00:02,Battery Voltage,  3.662  
04C3E680FACF,Stapler 349-1,12.03.2024 04:00:46,12.03.2024 04:00:11,Battery Used Charge,  324.696    
04C3E680FACF,Stapler 349-1,12.03.2024 04:00:46,12.03.2024 04:00:11,Battery Voltage,  3.660  
04C3E680FACF,Stapler 349-1,12.03.2024 04:00:46,12.03.2024 04:00:11,Battery Level,  95.36  
04C3E680FACF,Stapler 349-1,11.03.2024 22:00:24,11.03.2024 21:59:54,Battery Voltage,  3.658  
04C3E680FACF,Stapler 349-1,11.03.2024 22:00:24,11.03.2024 21:59:54,Battery Used Charge,  323.351    
04C3E680FACF,Stapler 349-1,11.03.2024 22:00:24,11.03.2024 21:59:54,Battery Level,  95.38  
04C3E680FACF,Stapler 349-1,11.03.2024 16:00:38,11.03.2024 16:00:02,Battery Used Charge,  321.998    
04C3E680FACF,Stapler 349-1,11.03.2024 16:00:38,11.03.2024 16:00:02,Battery Level,  95.4  
04C3E680FACF,Stapler 349-1,11.03.2024 16:00:38,11.03.2024 16:00:02,Battery Voltage,  3.664  
04C3E680FACF,Stapler 349-1,11.03.2024 04:00:42,11.03.2024 04:00:12,Battery Used Charge,  320.271    
04C3E680FACF,Stapler 349-1,11.03.2024 04:00:42,11.03.2024 04:00:12,Battery Level,  95.42  
04C3E680FACF,Stapler 349-1,11.03.2024 04:00:42,11.03.2024 04:00:12,Battery Voltage,  3.656  
04C3E680FACF,Stapler 349-1,10.03.2024 22:00:29,10.03.2024 21:59:54,Battery Voltage,  3.658  
04C3E680FACF,Stapler 349-1,10.03.2024 22:00:29,10.03.2024 21:59:54,Battery Level,  95.45  
04C3E680FACF,Stapler 349-1,10.03.2024 22:00:29,10.03.2024 21:59:54,Battery Used Charge,  318.716    
04C3E680FACF,Stapler 349-1,10.03.2024 16:00:38,10.03.2024 16:00:03,Battery Level,  95.47  
04C3E680FACF,Stapler 349-1,10.03.2024 16:00:38,10.03.2024 16:00:03,Battery Voltage,  3.664  
04C3E680FACF,Stapler 349-1,10.03.2024 16:00:38,10.03.2024 16:00:03,Battery Used Charge,  317.129    
04C3E680FACF,Stapler 349-1,10.03.2024 04:00:47,10.03.2024 04:00:12,Battery Used Charge,  315.174    
04C3E680FACF,Stapler 349-1,10.03.2024 04:00:47,10.03.2024 04:00:12,Battery Level,  95.5  
04C3E680FACF,Stapler 349-1,10.03.2024 04:00:47,10.03.2024 04:00:12,Battery Voltage,  3.652  
04C3E680FACF,Stapler 349-1,09.03.2024 22:00:30,09.03.2024 21:59:55,Battery Voltage,  3.660  
04C3E680FACF,Stapler 349-1,09.03.2024 22:00:30,09.03.2024 21:59:55,Battery Level,  95.52  
04C3E680FACF,Stapler 349-1,09.03.2024 22:00:30,09.03.2024 21:59:55,Battery Used Charge,  313.847    
04C3E680FACF,Stapler 349-1,09.03.2024 16:00:33,09.03.2024 16:00:03,Battery Voltage,  3.658  
04C3E680FACF,Stapler 349-1,09.03.2024 16:00:33,09.03.2024 16:00:03,Battery Used Charge,  312.481    
04C3E680FACF,Stapler 349-1,09.03.2024 16:00:33,09.03.2024 16:00:03,Battery Level,  95.54  
04C3E680FACF,Stapler 349-1,09.03.2024 04:00:46,09.03.2024 04:00:11,Battery Used Charge,  310.538    
04C3E680FACF,Stapler 349-1,09.03.2024 04:00:46,09.03.2024 04:00:11,Battery Voltage,  3.658  
04C3E680FACF,Stapler 349-1,09.03.2024 04:00:46,09.03.2024 04:00:11,Battery Level,  95.56  
04C3E680FACF,Stapler 349-1,08.03.2024 22:00:31,08.03.2024 21:59:55,Battery Level,  95.59  
04C3E680FACF,Stapler 349-1,08.03.2024 22:00:31,08.03.2024 21:59:55,Battery Voltage,  3.658  
04C3E680FACF,Stapler 349-1,08.03.2024 22:00:31,08.03.2024 21:59:55,Battery Used Charge,  308.879    
04C3E680FACF,Stapler 349-1,08.03.2024 16:00:32,08.03.2024 16:00:02,Battery Level,  95.61  
04C3E680FACF,Stapler 349-1,08.03.2024 16:00:32,08.03.2024 16:00:02,Battery Used Charge,  307.474    
04C3E680FACF,Stapler 349-1,08.03.2024 16:00:32,08.03.2024 16:00:02,Battery Voltage,  3.664  
04C3E680FACF,Stapler 349-1,08.03.2024 04:01:40,08.03.2024 04:00:12,Battery Used Charge,  304.208    
04C3E680FACF,Stapler 349-1,08.03.2024 04:01:40,08.03.2024 04:00:12,Battery Voltage,  3.658  
04C3E680FACF,Stapler 349-1,08.03.2024 04:01:40,08.03.2024 04:00:12,Battery Level,  95.65  
04C3E680FACF,Stapler 349-1,07.03.2024 22:01:45,07.03.2024 21:59:54,Battery Voltage,  3.656  
04C3E680FACF,Stapler 349-1,07.03.2024 22:01:45,07.03.2024 21:59:54,Battery Used Charge,  300.516    
04C3E680FACF,Stapler 349-1,07.03.2024 22:01:45,07.03.2024 21:59:54,Battery Level,  95.71  
04C3E680FACF,Stapler 349-1,07.03.2024 16:01:31,07.03.2024 16:00:02,Battery Used Charge,  297.665    
04C3E680FACF,Stapler 349-1,07.03.2024 16:01:31,07.03.2024 16:00:02,Battery Voltage,  3.662  
04C3E680FACF,Stapler 349-1,07.03.2024 16:01:31,07.03.2024 16:00:02,Battery Level,  95.75  
04C3E680FACF,Stapler 349-1,07.03.2024 04:01:47,07.03.2024 04:00:11,Battery Used Charge,  294.535    
04C3E680FACF,Stapler 349-1,07.03.2024 04:01:47,07.03.2024 04:00:11,Battery Level,  95.79  
04C3E680FACF,Stapler 349-1,07.03.2024 04:01:47,07.03.2024 04:00:11,Battery Voltage,  3.656  
04C3E680FACF,Stapler 349-1,06.03.2024 22:01:39,06.03.2024 21:59:55,Battery Voltage,  3.656  
04C3E680FACF,Stapler 349-1,06.03.2024 22:01:39,06.03.2024 21:59:55,Battery Used Charge,  289.656    
04C3E680FACF,Stapler 349-1,06.03.2024 22:01:39,06.03.2024 21:59:55,Battery Level,  95.86  
04C3E680FACF,Stapler 349-1,06.03.2024 16:01:34,06.03.2024 16:00:03,Battery Used Charge,  282.052    
04C3E680FACF,Stapler 349-1,06.03.2024 16:01:34,06.03.2024 16:00:03,Battery Voltage,  3.644  
04C3E680FACF,Stapler 349-1,06.03.2024 16:01:34,06.03.2024 16:00:03,Battery Level,  95.97  
04C3E680FACF,Stapler 349-1,06.03.2024 04:00:58,06.03.2024 04:00:21,Battery Voltage,  3.658  
04C3E680FACF,Stapler 349-1,06.03.2024 04:00:58,06.03.2024 04:00:21,Battery Used Charge,  280.023    
04C3E680FACF,Stapler 349-1,06.03.2024 04:00:58,06.03.2024 04:00:21,Battery Level,  96  
04C3E680FACF,Stapler 349-1,05.03.2024 22:00:56,05.03.2024 22:00:20,Battery Used Charge,  278.388    
04C3E680FACF,Stapler 349-1,05.03.2024 22:00:56,05.03.2024 22:00:20,Battery Level,  96.02  
04C3E680FACF,Stapler 349-1,05.03.2024 22:00:56,05.03.2024 22:00:20,Battery Voltage,  3.658  
04C3E680FACF,Stapler 349-1,05.03.2024 16:00:25,05.03.2024 15:59:52,Battery Voltage,  3.660  
04C3E680FACF,Stapler 349-1,05.03.2024 16:00:25,05.03.2024 15:59:52,Battery Level,  96.05  
04C3E680FACF,Stapler 349-1,05.03.2024 16:00:25,05.03.2024 15:59:52,Battery Used Charge,  276.707    
04C3E680FACF,Stapler 349-1,05.03.2024 04:00:56,05.03.2024 04:00:21,Battery Level,  96.07  
04C3E680FACF,Stapler 349-1,05.03.2024 04:00:56,05.03.2024 04:00:21,Battery Used Charge,  274.972    
04C3E680FACF,Stapler 349-1,05.03.2024 04:00:56,05.03.2024 04:00:21,Battery Voltage,  3.656  
04C3E680FACF,Stapler 349-1,04.03.2024 22:00:33,04.03.2024 22:00:01,Battery Used Charge,  273.142    
04C3E680FACF,Stapler 349-1,04.03.2024 22:00:33,04.03.2024 22:00:01,Battery Level,  96.1  
04C3E680FACF,Stapler 349-1,04.03.2024 22:00:33,04.03.2024 22:00:01,Battery Voltage,  3.656  
04C3E680FACF,Stapler 349-1,04.03.2024 16:01:08,04.03.2024 16:00:01,Battery Used Charge,  270.571    
04C3E680FACF,Stapler 349-1,04.03.2024 16:01:08,04.03.2024 16:00:01,Battery Voltage,  3.658  
04C3E680FACF,Stapler 349-1,04.03.2024 16:01:08,04.03.2024 16:00:01,Battery Level,  96.13  
04C3E680FACF,Stapler 349-1,04.03.2024 04:00:12,04.03.2024 03:59:37,Battery Used Charge,  268.914    
04C3E680FACF,Stapler 349-1,04.03.2024 04:00:12,04.03.2024 03:59:37,Battery Voltage,  3.658  
04C3E680FACF,Stapler 349-1,04.03.2024 04:00:12,04.03.2024 03:59:37,Battery Level,  96.16  
04C3E680FACF,Stapler 349-1,03.03.2024 22:00:26,03.03.2024 21:59:56,Battery Level,  96.18  
04C3E680FACF,Stapler 349-1,03.03.2024 22:00:26,03.03.2024 21:59:56,Battery Voltage,  3.658  
04C3E680FACF,Stapler 349-1,03.03.2024 22:00:26,03.03.2024 21:59:56,Battery Used Charge,  267.594    
04C3E680FACF,Stapler 349-1,03.03.2024 16:00:48,03.03.2024 16:00:19,Battery Used Charge,  266.291    
04C3E680FACF,Stapler 349-1,03.03.2024 16:00:48,03.03.2024 16:00:19,Battery Level,  96.2  
04C3E680FACF,Stapler 349-1,03.03.2024 16:00:48,03.03.2024 16:00:19,Battery Voltage,  3.658  
04C3E680FACF,Stapler 349-1,03.03.2024 04:00:12,03.03.2024 03:59:37,Battery Used Charge,  264.42    
04C3E680FACF,Stapler 349-1,03.03.2024 04:00:12,03.03.2024 03:59:37,Battery Voltage,  3.658  
04C3E680FACF,Stapler 349-1,03.03.2024 04:00:12,03.03.2024 03:59:37,Battery Level,  96.22  
04C3E680FACF,Stapler 349-1,02.03.2024 22:00:31,02.03.2024 21:59:55,Battery Used Charge,  262.805    
04C3E680FACF,Stapler 349-1,02.03.2024 22:00:31,02.03.2024 21:59:55,Battery Voltage,  3.656  
04C3E680FACF,Stapler 349-1,02.03.2024 22:00:31,02.03.2024 21:59:55,Battery Level,  96.25  
04C3E680FACF,Stapler 349-1,02.03.2024 16:01:40,02.03.2024 16:00:18,Battery Level,  96.28  
04C3E680FACF,Stapler 349-1,02.03.2024 16:01:40,02.03.2024 16:00:18,Battery Voltage,  3.660  
04C3E680FACF,Stapler 349-1,02.03.2024 16:01:40,02.03.2024 16:00:18,Battery Used Charge,  260.363    
04C3E680FACF,Stapler 349-1,02.03.2024 04:00:13,02.03.2024 03:59:38,Battery Level,  96.3  
04C3E680FACF,Stapler 349-1,02.03.2024 04:00:13,02.03.2024 03:59:38,Battery Used Charge,  258.662    
04C3E680FACF,Stapler 349-1,02.03.2024 04:00:13,02.03.2024 03:59:38,Battery Voltage,  3.656  
04C3E680FACF,Stapler 349-1,01.03.2024 22:00:25,01.03.2024 21:59:56,Battery Voltage,  3.656  
04C3E680FACF,Stapler 349-1,01.03.2024 22:00:25,01.03.2024 21:59:56,Battery Level,  96.32  
04C3E680FACF,Stapler 349-1,01.03.2024 22:00:25,01.03.2024 21:59:56,Battery Used Charge,  257.354    
04C3E680FACF,Stapler 349-1,01.03.2024 16:00:56,01.03.2024 16:00:19,Battery Used Charge,  255.276    
04C3E680FACF,Stapler 349-1,01.03.2024 16:00:56,01.03.2024 16:00:19,Battery Level,  96.35  
04C3E680FACF,Stapler 349-1,01.03.2024 16:00:56,01.03.2024 16:00:19,Battery Voltage,  3.662  
04C3E680FACF,Stapler 349-1,01.03.2024 04:00:36,01.03.2024 04:00:02,Battery Used Charge,  253.842    
04C3E680FACF,Stapler 349-1,01.03.2024 04:00:36,01.03.2024 04:00:02,Battery Level,  96.37  
04C3E680FACF,Stapler 349-1,01.03.2024 04:00:36,01.03.2024 04:00:02,Battery Voltage,  3.658  
04C3E680FACF,Stapler 349-1,29.02.2024 22:00:12,29.02.2024 21:59:37,Battery Voltage,  3.660  
04C3E680FACF,Stapler 349-1,29.02.2024 22:00:12,29.02.2024 21:59:37,Battery Level,  96.39  
04C3E680FACF,Stapler 349-1,29.02.2024 22:00:12,29.02.2024 21:59:37,Battery Used Charge,  252.704    
04C3E680FACF,Stapler 349-1,29.02.2024 16:00:13,29.02.2024 15:59:43,Battery Used Charge,  251.666    
04C3E680FACF,Stapler 349-1,29.02.2024 16:00:13,29.02.2024 15:59:43,Battery Voltage,  3.662  
04C3E680FACF,Stapler 349-1,29.02.2024 16:00:13,29.02.2024 15:59:43,Battery Level,  96.4  
04C3E680FACF,Stapler 349-1,29.02.2024 04:00:32,29.02.2024 04:00:01,Battery Voltage,  3.658  
04C3E680FACF,Stapler 349-1,29.02.2024 04:00:32,29.02.2024 04:00:01,Battery Level,  96.43  
04C3E680FACF,Stapler 349-1,29.02.2024 04:00:32,29.02.2024 04:00:01,Battery Used Charge,  249.931    
04C3E680FACF,Stapler 349-1,28.02.2024 22:00:39,28.02.2024 22:00:04,Battery Level,  96.45  
04C3E680FACF,Stapler 349-1,28.02.2024 22:00:39,28.02.2024 22:00:04,Battery Used Charge,  248.787    
04C3E680FACF,Stapler 349-1,28.02.2024 22:00:39,28.02.2024 22:00:04,Battery Voltage,  3.658  
04C3E680FACF,Stapler 349-1,28.02.2024 16:00:18,28.02.2024 15:59:42,Battery Level,  96.46  
04C3E680FACF,Stapler 349-1,28.02.2024 16:00:18,28.02.2024 15:59:42,Battery Used Charge,  247.629    
04C3E680FACF,Stapler 349-1,28.02.2024 16:00:18,28.02.2024 15:59:42,Battery Voltage,  3.658  
04C3E680FACF,Stapler 349-1,28.02.2024 04:00:29,28.02.2024 03:59:55,Battery Used Charge,  246.149    
04C3E680FACF,Stapler 349-1,28.02.2024 04:00:29,28.02.2024 03:59:55,Battery Voltage,  3.658  
04C3E680FACF,Stapler 349-1,28.02.2024 04:00:29,28.02.2024 03:59:55,Battery Level,  96.48  
04C3E680FACF,Stapler 349-1,27.02.2024 22:00:10,27.02.2024 21:59:41,Battery Used Charge,  245.068    
04C3E680FACF,Stapler 349-1,27.02.2024 22:00:10,27.02.2024 21:59:41,Battery Level,  96.5  
04C3E680FACF,Stapler 349-1,27.02.2024 22:00:10,27.02.2024 21:59:41,Battery Voltage,  3.654  
04C3E680FACF,Stapler 349-1,27.02.2024 16:01:05,27.02.2024 16:00:25,Battery Level,  96.52  
04C3E680FACF,Stapler 349-1,27.02.2024 16:01:05,27.02.2024 16:00:25,Battery Used Charge,  243.358    
04C3E680FACF,Stapler 349-1,27.02.2024 16:01:05,27.02.2024 16:00:25,Battery Voltage,  3.652  
04C3E680FACF,Stapler 349-1,27.02.2024 04:00:14,27.02.2024 03:59:45,Battery Used Charge,  241.687    
04C3E680FACF,Stapler 349-1,27.02.2024 04:00:14,27.02.2024 03:59:45,Battery Level,  96.55  
04C3E680FACF,Stapler 349-1,27.02.2024 04:00:15,27.02.2024 03:59:45,Battery Voltage,  3.654  
04C3E680FACF,Stapler 349-1,26.02.2024 22:00:57,26.02.2024 22:00:21,Battery Used Charge,  239.957    
04C3E680FACF,Stapler 349-1,26.02.2024 22:00:57,26.02.2024 22:00:21,Battery Level,  96.57  
04C3E680FACF,Stapler 349-1,26.02.2024 22:00:57,26.02.2024 22:00:21,Battery Voltage,  3.652  
04C3E680FACF,Stapler 349-1,26.02.2024 16:00:54,26.02.2024 16:00:18,Battery Level,  96.59  
04C3E680FACF,Stapler 349-1,26.02.2024 16:00:54,26.02.2024 16:00:18,Battery Used Charge,  238.412    
04C3E680FACF,Stapler 349-1,26.02.2024 16:00:54,26.02.2024 16:00:18,Battery Voltage,  3.660  
04C3E680FACF,Stapler 349-1,26.02.2024 04:00:20,26.02.2024 03:59:45,Battery Level,  96.62  
04C3E680FACF,Stapler 349-1,26.02.2024 04:00:20,26.02.2024 03:59:45,Battery Used Charge,  236.543    
04C3E680FACF,Stapler 349-1,26.02.2024 04:00:20,26.02.2024 03:59:45,Battery Voltage,  3.654  
04C3E680FACF,Stapler 349-1,25.02.2024 22:00:56,25.02.2024 22:00:21,Battery Level,  96.64  
04C3E680FACF,Stapler 349-1,25.02.2024 22:00:56,25.02.2024 22:00:21,Battery Used Charge,  235.028    
04C3E680FACF,Stapler 349-1,25.02.2024 22:00:56,25.02.2024 22:00:21,Battery Voltage,  3.656  
04C3E680FACF,Stapler 349-1,25.02.2024 16:00:53,25.02.2024 16:00:18,Battery Level,  96.66  
04C3E680FACF,Stapler 349-1,25.02.2024 16:00:53,25.02.2024 16:00:18,Battery Used Charge,  233.465    
04C3E680FACF,Stapler 349-1,25.02.2024 16:00:53,25.02.2024 16:00:18,Battery Voltage,  3.660  
04C3E680FACF,Stapler 349-1,25.02.2024 04:00:21,25.02.2024 03:59:45,Battery Level,  96.69  
04C3E680FACF,Stapler 349-1,25.02.2024 04:00:21,25.02.2024 03:59:45,Battery Used Charge,  231.509    
04C3E680FACF,Stapler 349-1,25.02.2024 04:00:21,25.02.2024 03:59:45,Battery Voltage,  3.656  
04C3E680FACF,Stapler 349-1,24.02.2024 22:00:51,24.02.2024 22:00:22,Battery Level,  96.71  
04C3E680FACF,Stapler 349-1,24.02.2024 22:00:51,24.02.2024 22:00:22,Battery Used Charge,  230.197    
04C3E680FACF,Stapler 349-1,24.02.2024 22:00:51,24.02.2024 22:00:22,Battery Voltage,  3.658  
04C3E680FACF,Stapler 349-1,24.02.2024 16:00:48,24.02.2024 16:00:19,Battery Voltage,  3.660  
04C3E680FACF,Stapler 349-1,24.02.2024 16:00:48,24.02.2024 16:00:19,Battery Level,  96.73  
04C3E680FACF,Stapler 349-1,24.02.2024 16:00:48,24.02.2024 16:00:19,Battery Used Charge,  228.885    
04C3E680FACF,Stapler 349-1,24.02.2024 04:00:20,24.02.2024 03:59:46,Battery Level,  96.76  
04C3E680FACF,Stapler 349-1,24.02.2024 04:00:20,24.02.2024 03:59:46,Battery Used Charge,  227.004    
04C3E680FACF,Stapler 349-1,24.02.2024 04:00:20,24.02.2024 03:59:46,Battery Voltage,  3.654  
04C3E680FACF,Stapler 349-1,23.02.2024 22:00:57,23.02.2024 22:00:22,Battery Used Charge,  225.498    
04C3E680FACF,Stapler 349-1,23.02.2024 22:00:57,23.02.2024 22:00:22,Battery Level,  96.78  
04C3E680FACF,Stapler 349-1,23.02.2024 22:00:57,23.02.2024 22:00:22,Battery Voltage,  3.654  
04C3E680FACF,Stapler 349-1,23.02.2024 16:00:52,23.02.2024 16:00:18,Battery Level,  96.8  
04C3E680FACF,Stapler 349-1,23.02.2024 16:00:52,23.02.2024 16:00:18,Battery Voltage,  3.660  
04C3E680FACF,Stapler 349-1,23.02.2024 16:00:52,23.02.2024 16:00:18,Battery Used Charge,  223.989    
04C3E680FACF,Stapler 349-1,23.02.2024 04:00:20,23.02.2024 03:59:45,Battery Level,  96.83  
04C3E680FACF,Stapler 349-1,23.02.2024 04:00:20,23.02.2024 03:59:45,Battery Used Charge,  222.09    
04C3E680FACF,Stapler 349-1,23.02.2024 04:00:20,23.02.2024 03:59:45,Battery Voltage,  3.656  
04C3E680FACF,Stapler 349-1,22.02.2024 22:00:57,22.02.2024 22:00:22,Battery Level,  96.85  
04C3E680FACF,Stapler 349-1,22.02.2024 22:00:57,22.02.2024 22:00:22,Battery Voltage,  3.656  
04C3E680FACF,Stapler 349-1,22.02.2024 22:00:57,22.02.2024 22:00:22,Battery Used Charge,  220.522    
04C3E680FACF,Stapler 349-1,22.02.2024 16:00:48,22.02.2024 16:00:19,Battery Used Charge,  219.232    
04C3E680FACF,Stapler 349-1,22.02.2024 16:00:48,22.02.2024 16:00:19,Battery Level,  96.87  
04C3E680FACF,Stapler 349-1,22.02.2024 16:00:48,22.02.2024 16:00:19,Battery Voltage,  3.660  
04C3E680FACF,Stapler 349-1,22.02.2024 04:00:21,22.02.2024 03:59:46,Battery Used Charge,  217.365    
04C3E680FACF,Stapler 349-1,22.02.2024 04:00:21,22.02.2024 03:59:46,Battery Level,  96.89  
04C3E680FACF,Stapler 349-1,22.02.2024 04:00:21,22.02.2024 03:59:46,Battery Voltage,  3.656  
04C3E680FACF,Stapler 349-1,21.02.2024 22:00:51,21.02.2024 22:00:22,Battery Level,  96.91  
04C3E680FACF,Stapler 349-1,21.02.2024 22:00:51,21.02.2024 22:00:22,Battery Voltage,  3.656  
04C3E680FACF,Stapler 349-1,21.02.2024 22:00:51,21.02.2024 22:00:22,Battery Used Charge,  216.018    
04C3E680FACF,Stapler 349-1,21.02.2024 16:01:07,21.02.2024 16:00:31,Battery Voltage,  3.654  
04C3E680FACF,Stapler 349-1,21.02.2024 16:01:06,21.02.2024 16:00:31,Battery Used Charge,  214.917    
04C3E680FACF,Stapler 349-1,21.02.2024 16:01:06,21.02.2024 16:00:31,Battery Level,  96.93  
04C3E680FACF,Stapler 349-1,21.02.2024 04:01:01,21.02.2024 04:00:26,Battery Level,  96.96  
04C3E680FACF,Stapler 349-1,21.02.2024 04:01:01,21.02.2024 04:00:26,Battery Used Charge,  213.017    
04C3E680FACF,Stapler 349-1,21.02.2024 04:01:01,21.02.2024 04:00:26,Battery Voltage,  3.654  
04C3E680FACF,Stapler 349-1,20.02.2024 22:01:04,20.02.2024 22:00:30,Battery Voltage,  3.658  
04C3E680FACF,Stapler 349-1,20.02.2024 22:01:04,20.02.2024 22:00:30,Battery Level,  96.98  
04C3E680FACF,Stapler 349-1,20.02.2024 22:01:04,20.02.2024 22:00:30,Battery Used Charge,  211.517    
04C3E680FACF,Stapler 349-1,20.02.2024 16:00:32,20.02.2024 15:59:57,Battery Voltage,  3.658  
04C3E680FACF,Stapler 349-1,20.02.2024 16:00:32,20.02.2024 15:59:57,Battery Level,  97  
04C3E680FACF,Stapler 349-1,20.02.2024 16:00:32,20.02.2024 15:59:57,Battery Used Charge,  209.989    
04C3E680FACF,Stapler 349-1,20.02.2024 04:01:01,20.02.2024 04:00:26,Battery Level,  97.03  
04C3E680FACF,Stapler 349-1,20.02.2024 04:01:01,20.02.2024 04:00:26,Battery Voltage,  3.656  
04C3E680FACF,Stapler 349-1,20.02.2024 04:01:01,20.02.2024 04:00:26,Battery Used Charge,  208.122    
04C3E680FACF,Stapler 349-1,19.02.2024 22:00:59,19.02.2024 22:00:30,Battery Used Charge,  206.825    
04C3E680FACF,Stapler 349-1,19.02.2024 22:00:59,19.02.2024 22:00:30,Battery Voltage,  3.654  
04C3E680FACF,Stapler 349-1,19.02.2024 22:00:59,19.02.2024 22:00:30,Battery Level,  97.05  
04C3E680FACF,Stapler 349-1,19.02.2024 16:00:33,19.02.2024 15:59:57,Battery Voltage,  3.660  
04C3E680FACF,Stapler 349-1,19.02.2024 16:00:33,19.02.2024 15:59:57,Battery Level,  97.07  
04C3E680FACF,Stapler 349-1,19.02.2024 16:00:33,19.02.2024 15:59:57,Battery Used Charge,  205.248    
04C3E680FACF,Stapler 349-1,19.02.2024 04:00:56,19.02.2024 04:00:26,Battery Voltage,  3.656  
04C3E680FACF,Stapler 349-1,19.02.2024 04:00:55,19.02.2024 04:00:26,Battery Level,  97.09  
04C3E680FACF,Stapler 349-1,19.02.2024 04:00:55,19.02.2024 04:00:26,Battery Used Charge,  203.566    
04C3E680FACF,Stapler 349-1,18.02.2024 22:01:00,18.02.2024 22:00:31,Battery Used Charge,  202.264    
04C3E680FACF,Stapler 349-1,18.02.2024 22:01:00,18.02.2024 22:00:31,Battery Level,  97.11  
04C3E680FACF,Stapler 349-1,18.02.2024 22:01:00,18.02.2024 22:00:31,Battery Voltage,  3.658  
04C3E680FACF,Stapler 349-1,18.02.2024 16:00:26,18.02.2024 15:59:57,Battery Used Charge,  200.95    
04C3E680FACF,Stapler 349-1,18.02.2024 16:00:26,18.02.2024 15:59:57,Battery Level,  97.13  
04C3E680FACF,Stapler 349-1,18.02.2024 16:00:26,18.02.2024 15:59:57,Battery Voltage,  3.658  
04C3E680FACF,Stapler 349-1,18.02.2024 04:01:00,18.02.2024 04:00:26,Battery Used Charge,  199.071    
04C3E680FACF,Stapler 349-1,18.02.2024 04:01:00,18.02.2024 04:00:26,Battery Level,  97.16  
04C3E680FACF,Stapler 349-1,18.02.2024 04:01:00,18.02.2024 04:00:26,Battery Voltage,  3.658  
04C3E680FACF,Stapler 349-1,17.02.2024 22:01:00,17.02.2024 22:00:30,Battery Used Charge,  197.729    
04C3E680FACF,Stapler 349-1,17.02.2024 22:01:00,17.02.2024 22:00:30,Battery Level,  97.18  
04C3E680FACF,Stapler 349-1,17.02.2024 22:01:01,17.02.2024 22:00:30,Battery Voltage,  3.656  
04C3E680FACF,Stapler 349-1,17.02.2024 16:00:28,17.02.2024 15:59:58,Battery Level,  97.19  
04C3E680FACF,Stapler 349-1,17.02.2024 16:00:28,17.02.2024 15:59:58,Battery Voltage,  3.662  
04C3E680FACF,Stapler 349-1,17.02.2024 16:00:28,17.02.2024 15:59:58,Battery Used Charge,  196.351    
04C3E680FACF,Stapler 349-1,17.02.2024 04:01:01,17.02.2024 04:00:26,Battery Used Charge,  194.482    
04C3E680FACF,Stapler 349-1,17.02.2024 04:01:01,17.02.2024 04:00:26,Battery Voltage,  3.658  
04C3E680FACF,Stapler 349-1,17.02.2024 04:01:01,17.02.2024 04:00:26,Battery Level,  97.22  
04C3E680FACF,Stapler 349-1,16.02.2024 22:01:05,16.02.2024 22:00:31,Battery Used Charge,  192.95    
04C3E680FACF,Stapler 349-1,16.02.2024 22:01:05,16.02.2024 22:00:31,Battery Voltage,  3.658  
04C3E680FACF,Stapler 349-1,16.02.2024 22:01:05,16.02.2024 22:00:31,Battery Level,  97.24  
04C3E680FACF,Stapler 349-1,16.02.2024 16:00:27,16.02.2024 15:59:57,Battery Used Charge,  191.581    
04C3E680FACF,Stapler 349-1,16.02.2024 16:00:27,16.02.2024 15:59:57,Battery Level,  97.26  
04C3E680FACF,Stapler 349-1,16.02.2024 16:00:28,16.02.2024 15:59:57,Battery Voltage,  3.658  
04C3E680FACF,Stapler 349-1,16.02.2024 04:01:00,16.02.2024 04:00:25,Battery Used Charge,  189.692    
04C3E680FACF,Stapler 349-1,16.02.2024 04:01:00,16.02.2024 04:00:25,Battery Level,  97.29  
04C3E680FACF,Stapler 349-1,16.02.2024 04:01:00,16.02.2024 04:00:25,Battery Voltage,  3.656  
04C3E680FACF,Stapler 349-1,15.02.2024 22:01:00,15.02.2024 22:00:31,Battery Voltage,  3.658  
04C3E680FACF,Stapler 349-1,15.02.2024 22:01:00,15.02.2024 22:00:31,Battery Used Charge,  188.369    
04C3E680FACF,Stapler 349-1,15.02.2024 22:01:00,15.02.2024 22:00:31,Battery Level,  97.31  
04C3E680FACF,Stapler 349-1,15.02.2024 16:00:33,15.02.2024 15:59:57,Battery Level,  97.33  
04C3E680FACF,Stapler 349-1,15.02.2024 16:00:33,15.02.2024 15:59:57,Battery Used Charge,  186.783    
04C3E680FACF,Stapler 349-1,15.02.2024 16:00:33,15.02.2024 15:59:57,Battery Voltage,  3.660  
04C3E680FACF,Stapler 349-1,15.02.2024 04:00:34,15.02.2024 04:00:00,Battery Level,  97.36  
04C3E680FACF,Stapler 349-1,15.02.2024 04:00:34,15.02.2024 04:00:00,Battery Voltage,  3.656  
04C3E680FACF,Stapler 349-1,15.02.2024 04:00:34,15.02.2024 04:00:00,Battery Used Charge,  184.893    
04C3E680FACF,Stapler 349-1,14.02.2024 22:00:34,14.02.2024 21:59:59,Battery Level,  97.38  
04C3E680FACF,Stapler 349-1,14.02.2024 22:00:34,14.02.2024 21:59:59,Battery Voltage,  3.652  
04C3E680FACF,Stapler 349-1,14.02.2024 22:00:34,14.02.2024 21:59:59,Battery Used Charge,  183.331    
04C3E680FACF,Stapler 349-1,14.02.2024 16:00:46,14.02.2024 16:00:01,Battery Used Charge,  180.94    
04C3E680FACF,Stapler 349-1,14.02.2024 16:00:46,14.02.2024 16:00:01,Battery Voltage,  3.660  
04C3E680FACF,Stapler 349-1,14.02.2024 16:00:46,14.02.2024 16:00:01,Battery Level,  97.42  
04C3E680FACF,Stapler 349-1,14.02.2024 04:00:35,14.02.2024 03:59:59,Battery Level,  97.44  
04C3E680FACF,Stapler 349-1,14.02.2024 04:00:35,14.02.2024 03:59:59,Battery Voltage,  3.660  
04C3E680FACF,Stapler 349-1,14.02.2024 04:00:35,14.02.2024 03:59:59,Battery Used Charge,  179.011    
04C3E680FACF,Stapler 349-1,13.02.2024 22:00:30,13.02.2024 22:00:00,Battery Level,  97.46  
04C3E680FACF,Stapler 349-1,13.02.2024 22:00:30,13.02.2024 22:00:00,Battery Used Charge,  177.686    
04C3E680FACF,Stapler 349-1,13.02.2024 22:00:30,13.02.2024 22:00:00,Battery Voltage,  3.656  
04C3E680FACF,Stapler 349-1,13.02.2024 16:00:38,13.02.2024 16:00:02,Battery Voltage,  3.662  
04C3E680FACF,Stapler 349-1,13.02.2024 16:00:38,13.02.2024 16:00:02,Battery Used Charge,  176.087    
04C3E680FACF,Stapler 349-1,13.02.2024 16:00:38,13.02.2024 16:00:02,Battery Level,  97.48  
04C3E680FACF,Stapler 349-1,13.02.2024 16:00:37,13.02.2024 03:59:59,Battery Voltage,  3.656  
04C3E680FACF,Stapler 349-1,13.02.2024 16:00:37,13.02.2024 03:59:59,Battery Used Charge,  167.073    
04C3E680FACF,Stapler 349-1,13.02.2024 16:00:37,13.02.2024 03:59:59,Battery Level,  97.61  
04C3E680FACF,Stapler 349-1,12.02.2024 22:00:33,12.02.2024 21:59:59,Battery Level,  97.63  
04C3E680FACF,Stapler 349-1,12.02.2024 22:00:34,12.02.2024 21:59:59,Battery Used Charge,  165.552    
04C3E680FACF,Stapler 349-1,12.02.2024 22:00:34,12.02.2024 21:59:59,Battery Voltage,  3.658  
04C3E680FACF,Stapler 349-1,12.02.2024 16:01:05,12.02.2024 16:00:02,Battery Used Charge,  163.938    
04C3E680FACF,Stapler 349-1,12.02.2024 16:01:05,12.02.2024 16:00:02,Battery Voltage,  3.660  
04C3E680FACF,Stapler 349-1,12.02.2024 16:01:05,12.02.2024 16:00:02,Battery Level,  97.66  
04C3E680FACF,Stapler 349-1,12.02.2024 04:03:02,12.02.2024 03:59:59,Battery Used Charge,  148.972    
04C3E680FACF,Stapler 349-1,12.02.2024 04:03:02,12.02.2024 03:59:59,Battery Voltage,  3.652  
04C3E680FACF,Stapler 349-1,12.02.2024 04:03:02,12.02.2024 03:59:59,Battery Level,  97.87  
04C3E680FACF,Stapler 349-1,11.02.2024 22:00:37,11.02.2024 21:59:59,Battery Used Charge,  143.237    
04C3E680FACF,Stapler 349-1,11.02.2024 22:00:37,11.02.2024 21:59:59,Battery Level,  97.95  
04C3E680FACF,Stapler 349-1,11.02.2024 22:00:37,11.02.2024 21:59:59,Battery Voltage,  3.656  
04C3E680FACF,Stapler 349-1,11.02.2024 22:00:33,11.02.2024 16:00:02,Battery Level,  98.07  
04C3E680FACF,Stapler 349-1,11.02.2024 22:00:33,11.02.2024 16:00:02,Battery Used Charge,  134.899    
04C3E680FACF,Stapler 349-1,11.02.2024 22:00:33,11.02.2024 16:00:02,Battery Voltage,  3.662  
04C3E680FACF,Stapler 349-1,11.02.2024 04:00:34,11.02.2024 04:00:00,Battery Voltage,  3.656  
04C3E680FACF,Stapler 349-1,11.02.2024 04:00:34,11.02.2024 04:00:00,Battery Level,  98.1  
04C3E680FACF,Stapler 349-1,11.02.2024 04:00:34,11.02.2024 04:00:00,Battery Used Charge,  133.022    
04C3E680FACF,Stapler 349-1,10.02.2024 22:00:34,10.02.2024 21:59:59,Battery Voltage,  3.654  
04C3E680FACF,Stapler 349-1,10.02.2024 22:00:34,10.02.2024 21:59:59,Battery Level,  98.12  
04C3E680FACF,Stapler 349-1,10.02.2024 22:00:34,10.02.2024 21:59:59,Battery Used Charge,  131.503    
04C3E680FACF,Stapler 349-1,10.02.2024 16:00:39,10.02.2024 16:00:02,Battery Used Charge,  129.831    
04C3E680FACF,Stapler 349-1,10.02.2024 16:00:39,10.02.2024 16:00:02,Battery Level,  98.15  
04C3E680FACF,Stapler 349-1,10.02.2024 16:00:39,10.02.2024 16:00:02,Battery Voltage,  3.660  
04C3E680FACF,Stapler 349-1,10.02.2024 04:00:35,10.02.2024 04:00:00,Battery Level,  98.17  
04C3E680FACF,Stapler 349-1,10.02.2024 04:00:35,10.02.2024 04:00:00,Battery Used Charge,  127.907    
04C3E680FACF,Stapler 349-1,10.02.2024 04:00:35,10.02.2024 04:00:00,Battery Voltage,  3.654  
04C3E680FACF,Stapler 349-1,09.02.2024 22:00:28,09.02.2024 21:59:59,Battery Used Charge,  126.596    
04C3E680FACF,Stapler 349-1,09.02.2024 22:00:28,09.02.2024 21:59:59,Battery Level,  98.19  
04C3E680FACF,Stapler 349-1,09.02.2024 22:00:28,09.02.2024 21:59:59,Battery Voltage,  3.650  
04C3E680FACF,Stapler 349-1,09.02.2024 16:00:33,09.02.2024 16:00:01,Battery Level,  98.21  
04C3E680FACF,Stapler 349-1,09.02.2024 16:00:33,09.02.2024 16:00:01,Battery Voltage,  3.660  
04C3E680FACF,Stapler 349-1,09.02.2024 16:00:33,09.02.2024 16:00:01,Battery Used Charge,  124.97    
04C3E680FACF,Stapler 349-1,09.02.2024 04:00:10,09.02.2024 03:59:40,Battery Used Charge,  123.3    
04C3E680FACF,Stapler 349-1,09.02.2024 04:00:10,09.02.2024 03:59:40,Battery Voltage,  3.654  
04C3E680FACF,Stapler 349-1,09.02.2024 04:00:10,09.02.2024 03:59:40,Battery Level,  98.24  
04C3E680FACF,Stapler 349-1,08.02.2024 22:00:21,08.02.2024 21:59:46,Battery Used Charge,  121.773    
04C3E680FACF,Stapler 349-1,08.02.2024 22:00:21,08.02.2024 21:59:46,Battery Voltage,  3.652  
04C3E680FACF,Stapler 349-1,08.02.2024 22:00:21,08.02.2024 21:59:46,Battery Level,  98.26  
04C3E680FACF,Stapler 349-1,08.02.2024 16:00:16,08.02.2024 15:59:36,Battery Voltage,  3.644  
04C3E680FACF,Stapler 349-1,08.02.2024 16:00:16,08.02.2024 15:59:36,Battery Level,  98.31  
04C3E680FACF,Stapler 349-1,08.02.2024 16:00:16,08.02.2024 15:59:36,Battery Used Charge,  118.575    
04C3E680FACF,Stapler 349-1,08.02.2024 04:00:22,08.02.2024 03:59:53,Battery Used Charge,  116.906    
04C3E680FACF,Stapler 349-1,08.02.2024 04:00:22,08.02.2024 03:59:53,Battery Level,  98.33  
04C3E680FACF,Stapler 349-1,08.02.2024 04:00:22,08.02.2024 03:59:53,Battery Voltage,  3.654  
04C3E680FACF,Stapler 349-1,07.02.2024 22:01:06,07.02.2024 22:00:30,Battery Voltage,  3.654  
04C3E680FACF,Stapler 349-1,07.02.2024 22:01:06,07.02.2024 22:00:30,Battery Level,  98.35  
04C3E680FACF,Stapler 349-1,07.02.2024 22:01:06,07.02.2024 22:00:30,Battery Used Charge,  115.304    
04C3E680FACF,Stapler 349-1,07.02.2024 16:00:59,07.02.2024 16:00:20,Battery Used Charge,  112.896    
04C3E680FACF,Stapler 349-1,07.02.2024 16:00:59,07.02.2024 16:00:20,Battery Voltage,  3.652  
04C3E680FACF,Stapler 349-1,07.02.2024 16:00:59,07.02.2024 16:00:20,Battery Level,  98.39  
04C3E680FACF,Stapler 349-1,07.02.2024 04:00:59,07.02.2024 04:00:24,Battery Used Charge,  111.417    
04C3E680FACF,Stapler 349-1,07.02.2024 04:00:59,07.02.2024 04:00:24,Battery Level,  98.41  
04C3E680FACF,Stapler 349-1,07.02.2024 04:00:59,07.02.2024 04:00:24,Battery Voltage,  3.656  
04C3E680FACF,Stapler 349-1,06.02.2024 22:00:15,06.02.2024 21:59:45,Battery Level,  98.42  
04C3E680FACF,Stapler 349-1,06.02.2024 22:00:15,06.02.2024 21:59:45,Battery Used Charge,  110.396    
04C3E680FACF,Stapler 349-1,06.02.2024 22:00:15,06.02.2024 21:59:45,Battery Voltage,  3.656  
04C3E680FACF,Stapler 349-1,06.02.2024 16:00:25,06.02.2024 15:59:53,Battery Level,  98.44  
04C3E680FACF,Stapler 349-1,06.02.2024 16:00:25,06.02.2024 15:59:53,Battery Used Charge,  109.034    
04C3E680FACF,Stapler 349-1,06.02.2024 16:00:25,06.02.2024 15:59:53,Battery Voltage,  3.652  
04C3E680FACF,Stapler 349-1,06.02.2024 04:00:02,06.02.2024 03:59:33,Battery Used Charge,  107.366    
04C3E680FACF,Stapler 349-1,06.02.2024 04:00:02,06.02.2024 03:59:33,Battery Level,  98.47  
04C3E680FACF,Stapler 349-1,06.02.2024 04:00:02,06.02.2024 03:59:33,Battery Voltage,  3.654  
04C3E680FACF,Stapler 349-1,05.02.2024 22:00:56,05.02.2024 22:00:27,Battery Used Charge,  106.062    
04C3E680FACF,Stapler 349-1,05.02.2024 22:00:56,05.02.2024 22:00:27,Battery Level,  98.48  
04C3E680FACF,Stapler 349-1,05.02.2024 22:00:56,05.02.2024 22:00:27,Battery Voltage,  3.652  
04C3E680FACF,Stapler 349-1,05.02.2024 16:00:49,05.02.2024 16:00:17,Battery Used Charge,  103.787    
04C3E680FACF,Stapler 349-1,05.02.2024 16:00:49,05.02.2024 16:00:17,Battery Voltage,  3.654  
04C3E680FACF,Stapler 349-1,05.02.2024 16:00:49,05.02.2024 16:00:17,Battery Level,  98.52  
04C3E680FACF,Stapler 349-1,05.02.2024 04:00:15,05.02.2024 03:59:44,Battery Level,  98.54  
04C3E680FACF,Stapler 349-1,05.02.2024 04:00:15,05.02.2024 03:59:44,Battery Voltage,  3.652  
04C3E680FACF,Stapler 349-1,05.02.2024 04:00:15,05.02.2024 03:59:44,Battery Used Charge,  102.047    
04C3E680FACF,Stapler 349-1,04.02.2024 22:01:03,04.02.2024 22:00:28,Battery Level,  98.56  
04C3E680FACF,Stapler 349-1,04.02.2024 22:01:03,04.02.2024 22:00:28,Battery Used Charge,  100.529    
04C3E680FACF,Stapler 349-1,04.02.2024 22:01:03,04.02.2024 22:00:28,Battery Voltage,  3.656  
04C3E680FACF,Stapler 349-1,04.02.2024 16:00:06,04.02.2024 15:59:31,Battery Level,  98.59  
04C3E680FACF,Stapler 349-1,04.02.2024 16:00:06,04.02.2024 15:59:31,Battery Used Charge,  99.006    
04C3E680FACF,Stapler 349-1,04.02.2024 16:00:06,04.02.2024 15:59:31,Battery Voltage,  3.658  
04C3E680FACF,Stapler 349-1,04.02.2024 04:00:18,04.02.2024 03:59:44,Battery Voltage,  3.654  
04C3E680FACF,Stapler 349-1,04.02.2024 04:00:18,04.02.2024 03:59:44,Battery Level,  98.61  
04C3E680FACF,Stapler 349-1,04.02.2024 04:00:18,04.02.2024 03:59:44,Battery Used Charge,  97.342    
04C3E680FACF,Stapler 349-1,03.02.2024 22:01:04,03.02.2024 22:00:29,Battery Level,  98.63  
04C3E680FACF,Stapler 349-1,03.02.2024 22:01:04,03.02.2024 22:00:29,Battery Voltage,  3.658  
04C3E680FACF,Stapler 349-1,03.02.2024 22:01:04,03.02.2024 22:00:29,Battery Used Charge,  95.844    
04C3E680FACF,Stapler 349-1,03.02.2024 16:00:06,03.02.2024 15:59:31,Battery Level,  98.65  
04C3E680FACF,Stapler 349-1,03.02.2024 16:00:06,03.02.2024 15:59:31,Battery Used Charge,  94.303    
04C3E680FACF,Stapler 349-1,03.02.2024 16:00:06,03.02.2024 15:59:31,Battery Voltage,  3.660  
04C3E680FACF,Stapler 349-1,03.02.2024 04:00:13,03.02.2024 03:59:44,Battery Level,  98.68  
04C3E680FACF,Stapler 349-1,03.02.2024 04:00:13,03.02.2024 03:59:44,Battery Voltage,  3.652  
04C3E680FACF,Stapler 349-1,03.02.2024 04:00:13,03.02.2024 03:59:44,Battery Used Charge,  92.649    
04C3E680FACF,Stapler 349-1,02.02.2024 22:00:57,02.02.2024 22:00:28,Battery Level,  98.7  
04C3E680FACF,Stapler 349-1,02.02.2024 22:00:57,02.02.2024 22:00:28,Battery Used Charge,  91.349    
04C3E680FACF,Stapler 349-1,02.02.2024 22:00:57,02.02.2024 22:00:28,Battery Voltage,  3.652  
04C3E680FACF,Stapler 349-1,02.02.2024 16:00:06,02.02.2024 15:59:31,Battery Level,  98.72  
04C3E680FACF,Stapler 349-1,02.02.2024 16:00:06,02.02.2024 15:59:31,Battery Voltage,  3.654  
04C3E680FACF,Stapler 349-1,02.02.2024 16:00:06,02.02.2024 15:59:31,Battery Used Charge,  89.801    
04C3E680FACF,Stapler 349-1,02.02.2024 04:00:08,02.02.2024 03:59:34,Battery Level,  98.74  
04C3E680FACF,Stapler 349-1,02.02.2024 04:00:09,02.02.2024 03:59:34,Battery Used Charge,  87.973    
04C3E680FACF,Stapler 349-1,02.02.2024 04:00:09,02.02.2024 03:59:34,Battery Voltage,  3.648  
04C3E680FACF,Stapler 349-1,01.02.2024 22:00:32,01.02.2024 21:59:57,Battery Used Charge,  86.434    
04C3E680FACF,Stapler 349-1,01.02.2024 22:00:32,01.02.2024 21:59:57,Battery Voltage,  3.654  
04C3E680FACF,Stapler 349-1,01.02.2024 22:00:32,01.02.2024 21:59:57,Battery Level,  98.77  
04C3E680FACF,Stapler 349-1,01.02.2024 16:00:26,01.02.2024 15:59:56,Battery Level,  98.78  
04C3E680FACF,Stapler 349-1,01.02.2024 16:00:26,01.02.2024 15:59:56,Battery Voltage,  3.660  
04C3E680FACF,Stapler 349-1,01.02.2024 16:00:26,01.02.2024 15:59:56,Battery Used Charge,  85.074    
04C3E680FACF,Stapler 349-1,01.02.2024 04:01:19,01.02.2024 03:59:32,Battery Used Charge,  81.688    
04C3E680FACF,Stapler 349-1,01.02.2024 04:01:19,01.02.2024 03:59:32,Battery Voltage,  3.654  
04C3E680FACF,Stapler 349-1,01.02.2024 04:01:19,01.02.2024 03:59:32,Battery Level,  98.83  
